,MODELYEAR,MAKE,MODEL,VEHICLECLASS,ENGINESIZE,CYLINDERS,TRANSMISSION,City_FC,HWY_FC,COMB_FC,COMB_MPG_FC,CO2EMISSIONS,Diesel,Ethanol,Gasoline,Prem_Gasoline
0,2014,ACURA,ILX,COMPACT,2.0,4,AS5,9.9,6.7,8.5,33,196,0,0,0,1
1,2014,ACURA,ILX,COMPACT,2.4,4,M6,11.2,7.7,9.6,29,221,0,0,0,1
2,2014,ACURA,ILX HYBRID,COMPACT,1.5,4,AV7,6.0,5.8,5.9,48,136,0,0,0,1
3,2014,ACURA,MDX 4WD,SUV - SMALL,3.5,6,AS6,12.7,9.1,11.1,25,255,0,0,0,1
4,2014,ACURA,RDX AWD,SUV - SMALL,3.5,6,AS6,12.1,8.7,10.6,27,244,0,0,0,1
5,2014,ACURA,RLX,MID-SIZE,3.5,6,AS6,11.9,7.7,10.0,28,230,0,0,0,1
6,2014,ACURA,TL,MID-SIZE,3.5,6,AS6,11.8,8.1,10.1,28,232,0,0,0,1
7,2014,ACURA,TL AWD,MID-SIZE,3.7,6,AS6,12.8,9.0,11.1,25,255,0,0,0,1
8,2014,ACURA,TL AWD,MID-SIZE,3.7,6,M6,13.4,9.5,11.6,24,267,0,0,0,1
9,2014,ACURA,TSX,COMPACT,2.4,4,AS5,10.6,7.5,9.2,31,212,0,0,0,1
10,2014,ACURA,TSX,COMPACT,2.4,4,M6,11.2,8.1,9.8,29,225,0,0,0,1
11,2014,ACURA,TSX,COMPACT,3.5,6,AS5,12.1,8.3,10.4,27,239,0,0,0,1
12,2014,ASTON MARTIN,DB9,MINICOMPACT,5.9,12,A6,18.0,12.6,15.6,18,359,0,0,0,1
13,2014,ASTON MARTIN,RAPIDE,SUBCOMPACT,5.9,12,A6,18.0,12.6,15.6,18,359,0,0,0,1
14,2014,ASTON MARTIN,V8 VANTAGE,TWO-SEATER,4.7,8,AM7,17.4,11.3,14.7,19,338,0,0,0,1
15,2014,ASTON MARTIN,V8 VANTAGE,TWO-SEATER,4.7,8,M6,18.1,12.2,15.4,18,354,0,0,0,1
16,2014,ASTON MARTIN,V8 VANTAGE S,TWO-SEATER,4.7,8,AM7,17.4,11.3,14.7,19,338,0,0,0,1
17,2014,ASTON MARTIN,V8 VANTAGE S,TWO-SEATER,4.7,8,M6,18.1,12.2,15.4,18,354,0,0,0,1
18,2014,ASTON MARTIN,VANQUISH,MINICOMPACT,5.9,12,A6,18.0,12.6,15.6,18,359,0,0,0,1
19,2014,AUDI,A4,COMPACT,2.0,4,AV8,9.9,7.4,8.8,32,202,0,0,0,1
20,2014,AUDI,A4 QUATTRO,COMPACT,2.0,4,AS8,11.5,8.1,10.0,28,230,0,0,0,1
21,2014,AUDI,A4 QUATTRO,COMPACT,2.0,4,M6,10.8,7.5,9.3,30,214,0,0,0,1
22,2014,AUDI,A5 CABRIOLET QUATTRO,SUBCOMPACT,2.0,4,AS8,11.5,8.1,10.0,28,230,0,0,0,1
23,2014,AUDI,A5 QUATTRO,SUBCOMPACT,2.0,4,AS8,11.5,8.1,10.0,28,230,0,0,0,1
24,2014,AUDI,A5 QUATTRO,SUBCOMPACT,2.0,4,M6,10.8,7.5,9.3,30,214,0,0,0,1
25,2014,AUDI,A6 QUATTRO,MID-SIZE,2.0,4,AS8,12.0,8.1,10.2,28,235,0,0,0,1
26,2014,AUDI,A6 QUATTRO,MID-SIZE,3.0,6,AS8,12.8,8.6,10.9,26,251,0,0,0,1
27,2014,AUDI,A6 QUATTRO TDI CLEAN DIESEL,MID-SIZE,3.0,6,AS8,9.8,6.4,8.3,34,224,1,0,0,0
28,2014,AUDI,A7 QUATTRO,MID-SIZE,3.0,6,AS8,13.1,8.8,11.2,25,258,0,0,0,1
29,2014,AUDI,A7 QUATTRO TDI CLEAN DIESEL,MID-SIZE,3.0,6,AS8,9.8,6.4,8.3,34,224,1,0,0,0
30,2014,AUDI,A8,MID-SIZE,3.0,6,AS8,13.1,8.8,11.2,25,258,0,0,0,1
31,2014,AUDI,A8,MID-SIZE,4.0,8,AS8,13.5,8.6,11.3,25,260,0,0,0,1
32,2014,AUDI,A8 TDI CLEAN DIESEL,MID-SIZE,3.0,6,AS8,10.0,6.4,8.4,34,227,1,0,0,0
33,2014,AUDI,A8L,FULL-SIZE,3.0,6,AS8,13.1,8.8,11.2,25,258,0,0,0,1
34,2014,AUDI,A8L,FULL-SIZE,4.0,8,AS8,14.7,9.7,12.5,23,288,0,0,0,1
35,2014,AUDI,A8L,FULL-SIZE,6.3,12,AS8,18.2,12.6,15.7,18,361,0,0,0,1
36,2014,AUDI,A8L TDI CLEAN DIESEL,FULL-SIZE,3.0,6,AS8,10.1,6.5,8.5,33,230,1,0,0,0
37,2014,AUDI,ALLROAD QUATTRO,STATION WAGON - SMALL,2.0,4,AS8,11.8,8.8,10.5,27,242,0,0,0,1
38,2014,AUDI,Q5,SUV - SMALL,2.0,4,AS8,12.0,8.5,10.4,27,239,0,0,0,1
39,2014,AUDI,Q5,SUV - SMALL,3.0,6,AS8,12.9,9.2,11.2,25,258,0,0,0,1
40,2014,AUDI,Q5 HYBRID,SUV - SMALL,2.0,4,AS8,9.9,8.3,9.2,31,212,0,0,0,1
41,2014,AUDI,Q5 TDI CLEAN DIESEL,SUV - SMALL,3.0,6,AS8,10.3,7.6,9.1,31,246,1,0,0,0
42,2014,AUDI,Q7,SUV - STANDARD,3.0,6,AS8,15.1,10.9,13.2,21,304,0,0,0,1
43,2014,AUDI,Q7 TDI CLEAN DIESEL,SUV - STANDARD,3.0,6,AS8,12.9,8.4,10.9,26,294,1,0,0,0
44,2014,AUDI,R8,TWO-SEATER,4.2,8,A7,17.6,11.0,14.6,19,336,0,0,0,1
45,2014,AUDI,R8,TWO-SEATER,4.2,8,M6,21.2,13.4,17.7,16,407,0,0,0,1
46,2014,AUDI,R8,TWO-SEATER,5.2,10,A7,18.8,11.3,15.4,18,354,0,0,0,1
47,2014,AUDI,R8,TWO-SEATER,5.2,10,M6,21.1,13.8,17.8,16,409,0,0,0,1
48,2014,AUDI,R8 SPYDER,TWO-SEATER,4.2,8,A7,17.6,11.0,14.6,19,336,0,0,0,1
49,2014,AUDI,R8 SPYDER,TWO-SEATER,4.2,8,M6,21.2,13.4,17.7,16,407,0,0,0,1
50,2014,AUDI,R8 SPYDER,TWO-SEATER,5.2,10,A7,18.8,11.3,15.4,18,354,0,0,0,1
51,2014,AUDI,R8 SPYDER,TWO-SEATER,5.2,10,M6,21.1,13.8,17.8,16,409,0,0,0,1
52,2014,AUDI,RS5,SUBCOMPACT,4.2,8,A7,15.3,10.9,13.3,21,306,0,0,0,1
53,2014,AUDI,RS5 CABRIOLET,SUBCOMPACT,4.2,8,A7,15.2,11.3,13.4,21,308,0,0,0,1
54,2014,AUDI,RS7,MID-SIZE,4.0,8,AS8,15.3,9.3,12.6,22,290,0,0,0,1
55,2014,AUDI,S4,COMPACT,3.0,6,A7,13.2,9.2,11.4,25,262,0,0,0,1
56,2014,AUDI,S4,COMPACT,3.0,6,M6,14.6,9.8,12.4,23,285,0,0,0,1
57,2014,AUDI,S5,SUBCOMPACT,3.0,6,A7,13.2,9.2,11.4,25,262,0,0,0,1
58,2014,AUDI,S5,SUBCOMPACT,3.0,6,M6,14.6,9.8,12.4,23,285,0,0,0,1
59,2014,AUDI,S5 CABRIOLET,SUBCOMPACT,3.0,6,A7,13.3,9.5,11.6,24,267,0,0,0,1
60,2014,AUDI,S6,MID-SIZE,4.0,8,A7,14.2,9.7,12.2,23,281,0,0,0,1
61,2014,AUDI,S7,MID-SIZE,4.0,8,A7,14.2,9.7,12.2,23,281,0,0,0,1
62,2014,AUDI,S8,MID-SIZE,4.0,8,AS8,15.4,9.8,12.9,22,297,0,0,0,1
63,2014,AUDI,SQ5,SUV - SMALL,3.0,6,AS8,14.9,10.1,12.7,22,292,0,0,0,1
64,2014,AUDI,TT COUPE QUATTRO,SUBCOMPACT,2.0,4,A6,10.4,7.6,9.1,31,209,0,0,0,1
65,2014,AUDI,TT ROADSTER QUATTRO,TWO-SEATER,2.0,4,A6,10.4,7.6,9.1,31,209,0,0,0,1
66,2014,AUDI,TTS COUPE QUATTRO,SUBCOMPACT,2.0,4,A6,11.5,8.8,10.3,27,237,0,0,0,1
67,2014,AUDI,TTS ROADSTER QUATTRO,TWO-SEATER,2.0,4,A6,11.5,8.8,10.3,27,237,0,0,0,1
68,2014,BENTLEY,CONTINENTAL GT,SUBCOMPACT,4.0,8,AS8,15.4,9.8,12.9,22,297,0,0,0,1
69,2014,BENTLEY,CONTINENTAL GT,SUBCOMPACT,6.0,12,AS8,18.8,11.5,15.5,18,356,0,0,0,1
70,2014,BENTLEY,CONTINENTAL GT CONVERTIBLE,SUBCOMPACT,4.0,8,AS8,16.8,10.3,13.9,20,320,0,0,0,1
71,2014,BENTLEY,CONTINENTAL GT SPEED CONVERTIBLE,SUBCOMPACT,6.0,12,AS8,20.0,12.2,16.5,17,380,0,0,0,1
72,2014,BENTLEY,CONTINENTAL GTC,SUBCOMPACT,4.0,8,AS8,16.7,10.6,14.0,20,322,0,0,0,1
73,2014,BENTLEY,CONTINENTAL GTC,SUBCOMPACT,6.0,12,AS8,20.0,12.2,16.5,17,380,0,0,0,1
74,2014,BENTLEY,FLYING SPUR,MID-SIZE,6.0,12,AS8,20.0,12.2,16.5,17,380,0,0,0,1
75,2014,BENTLEY,MULSANNE,MID-SIZE,6.8,8,AS8,22.3,14.9,19.0,15,437,0,0,0,1
76,2014,BMW,320i,COMPACT,2.0,4,A8,10.0,6.5,8.4,34,193,0,0,0,1
77,2014,BMW,320i,COMPACT,2.0,4,M6,10.4,6.7,8.7,32,200,0,0,0,1
78,2014,BMW,320i xDRIVE,COMPACT,2.0,4,A8,10.2,7.0,8.8,32,202,0,0,0,1
79,2014,BMW,328d xDRIVE,COMPACT,2.0,4,A8,7.6,5.5,6.7,42,181,1,0,0,0
80,2014,BMW,328d xDRIVE TOURING,STATION WAGON - SMALL,2.0,4,A8,7.6,5.5,6.7,42,181,1,0,0,0
81,2014,BMW,328i,COMPACT,2.0,4,A8,10.0,6.5,8.4,34,193,0,0,0,1
82,2014,BMW,328i,COMPACT,2.0,4,M6,10.4,6.7,8.7,32,200,0,0,0,1
83,2014,BMW,328i xDRIVE,COMPACT,2.0,4,A8,10.6,7.2,9.1,31,209,0,0,0,1
84,2014,BMW,328i xDRIVE GRAN TURISMO,FULL-SIZE,2.0,4,A8,10.6,7.2,9.1,31,209,0,0,0,1
85,2014,BMW,328i xDRIVE TOURING,STATION WAGON - SMALL,2.0,4,A8,10.6,7.2,9.1,31,209,0,0,0,1
86,2014,BMW,335i,COMPACT,3.0,6,A8,11.4,7.3,9.6,29,221,0,0,0,1
87,2014,BMW,335i,COMPACT,3.0,6,M6,11.8,7.9,10.0,28,230,0,0,0,1
88,2014,BMW,335i xDRIVE,COMPACT,3.0,6,A8,11.7,7.8,9.9,29,228,0,0,0,1
89,2014,BMW,335i xDRIVE,COMPACT,3.0,6,M6,11.9,8.3,10.3,27,237,0,0,0,1
90,2014,BMW,335i xDRIVE GRAN TURISMO,FULL-SIZE,3.0,6,A8,11.9,8.0,10.1,28,232,0,0,0,1
91,2014,BMW,428i COUPE,COMPACT,2.0,4,A8,10.0,6.5,8.4,34,193,0,0,0,1
92,2014,BMW,428i COUPE,COMPACT,2.0,4,M6,10.4,6.7,8.7,32,200,0,0,0,1
93,2014,BMW,428i xDRIVE COUPE,COMPACT,2.0,4,A8,10.6,7.2,9.1,31,209,0,0,0,1
94,2014,BMW,435i COUPE,COMPACT,3.0,6,A8,11.4,7.3,9.6,29,221,0,0,0,1
95,2014,BMW,435i COUPE,COMPACT,3.0,6,M6,11.8,7.9,10.0,28,230,0,0,0,1
96,2014,BMW,435i xDRIVE COUPE,COMPACT,3.0,6,A8,11.7,7.8,9.9,29,228,0,0,0,1
97,2014,BMW,435i xDRIVE COUPE,COMPACT,3.0,6,M6,11.9,8.3,10.3,27,237,0,0,0,1
98,2014,BMW,528i,MID-SIZE,2.0,4,A8,10.2,7.0,8.8,32,202,0,0,0,1
99,2014,BMW,528i xDRIVE,MID-SIZE,2.0,4,A8,10.6,7.2,9.1,31,209,0,0,0,1
100,2014,BMW,535d xDRIVE,MID-SIZE,3.0,6,A8,9.2,6.4,7.9,36,213,1,0,0,0
101,2014,BMW,535i xDRIVE,MID-SIZE,3.0,6,A8,11.9,8.0,10.1,28,232,0,0,0,1
102,2014,BMW,535i xDRIVE GRAN TURISMO,FULL-SIZE,3.0,6,A8,12.5,8.6,10.7,26,246,0,0,0,1
103,2014,BMW,550i xDRIVE,MID-SIZE,4.4,8,A8,14.4,9.6,12.2,23,281,0,0,0,1
104,2014,BMW,550i xDRIVE GRAN TURISMO,FULL-SIZE,4.4,8,A8,15.0,9.8,12.7,22,292,0,0,0,1
105,2014,BMW,640i xDRIVE GRAN COUPE,COMPACT,3.0,6,A8,11.9,8.0,10.1,28,232,0,0,0,1
106,2014,BMW,650i xDRIVE CABRIOLET,SUBCOMPACT,4.4,8,A8,15.0,9.8,12.7,22,292,0,0,0,1
107,2014,BMW,650i xDRIVE COUPE,COMPACT,4.4,8,A8,14.4,9.6,12.2,23,281,0,0,0,1
108,2014,BMW,650i xDRIVE GRAN COUPE,COMPACT,4.4,8,A8,15.0,9.8,12.7,22,292,0,0,0,1
109,2014,BMW,740Li xDRIVE,FULL-SIZE,3.0,6,A8,12.5,8.6,10.7,26,246,0,0,0,1
110,2014,BMW,750i xDRIVE,FULL-SIZE,4.4,8,A8,15.0,9.8,12.7,22,292,0,0,0,1
111,2014,BMW,750Li xDRIVE,FULL-SIZE,4.4,8,A8,15.0,9.8,12.7,22,292,0,0,0,1
112,2014,BMW,760Li,FULL-SIZE,6.0,12,A8,18.7,11.5,15.5,18,356,0,0,0,1
113,2014,BMW,ACTIVEHYBRID 3,COMPACT,3.0,6,A8,9.2,7.1,8.3,34,191,0,0,0,1
114,2014,BMW,ACTIVEHYBRID 5,MID-SIZE,3.0,6,A8,10.5,7.9,9.3,30,214,0,0,0,1
115,2014,BMW,ACTIVEHYBRID 7L,FULL-SIZE,3.0,6,A8,10.5,7.6,9.2,31,212,0,0,0,1
116,2014,BMW,ALPINA B7 xDRIVE LWB,FULL-SIZE,4.4,8,A8,15.0,9.8,12.7,22,292,0,0,0,1
117,2014,BMW,ALPINA B7 xDRIVE SWB,FULL-SIZE,4.4,8,A8,15.0,9.8,12.7,22,292,0,0,0,1
118,2014,BMW,M5,MID-SIZE,4.4,8,AM7,17.3,11.5,14.7,19,338,0,0,0,1
119,2014,BMW,M5,MID-SIZE,4.4,8,M6,16.2,10.9,13.8,20,317,0,0,0,1
120,2014,BMW,M6,COMPACT,4.4,8,AM7,17.3,11.5,14.7,19,338,0,0,0,1
121,2014,BMW,M6,COMPACT,4.4,8,M6,16.2,10.9,13.8,20,317,0,0,0,1
122,2014,BMW,M6 CABRIOLET,SUBCOMPACT,4.4,8,AM7,17.3,11.5,14.7,19,338,0,0,0,1
123,2014,BMW,M6 CABRIOLET,SUBCOMPACT,4.4,8,M6,16.2,10.9,13.8,20,317,0,0,0,1
124,2014,BMW,M6 GRAN COUPE,COMPACT,4.4,8,AM7,17.3,11.5,14.7,19,338,0,0,0,1
125,2014,BMW,M6 GRAN COUPE,COMPACT,4.4,8,M6,16.2,10.9,13.8,20,317,0,0,0,1
126,2014,BMW,X1 xDRIVE28i,SUV - SMALL,2.0,4,A8,10.6,7.2,9.1,31,209,0,0,0,1
127,2014,BMW,X1 xDRIVE35i,SUV - SMALL,3.0,6,A6,13.2,8.9,11.3,25,260,0,0,0,1
128,2014,BMW,X3 xDRIVE28i,SUV - SMALL,2.0,4,A8,11.2,8.5,10.0,28,230,0,0,0,1
129,2014,BMW,X3 xDRIVE35i,SUV - SMALL,3.0,6,A8,12.6,9.1,11.0,26,253,0,0,0,1
130,2014,BMW,X5 xDRIVE35i,SUV - STANDARD,3.0,6,A8,12.9,8.8,11.1,25,255,0,0,0,1
131,2014,BMW,X5 xDRIVE50i,SUV - STANDARD,4.4,8,A8,16.3,10.9,13.9,20,320,0,0,0,1
132,2014,BMW,X6 M,SUV - STANDARD,4.4,8,A6,18.1,13.7,16.1,18,370,0,0,0,1
133,2014,BMW,X6 xDRIVE35i,SUV - STANDARD,3.0,6,A8,13.6,9.8,11.9,24,274,0,0,0,1
134,2014,BMW,X6 xDRIVE50i,SUV - STANDARD,4.4,8,A8,16.4,11.3,14.1,20,324,0,0,0,1
135,2014,BMW,Z4 sDRIVE28i,TWO-SEATER,2.0,4,A8,10.8,7.1,9.1,31,209,0,0,0,1
136,2014,BMW,Z4 sDRIVE28i,TWO-SEATER,2.0,4,M6,10.4,6.7,8.7,32,200,0,0,0,1
137,2014,BMW,Z4 sDRIVE35i,TWO-SEATER,3.0,6,AM7,13.7,10.1,12.1,23,278,0,0,0,1
138,2014,BMW,Z4 sDRIVE35i,TWO-SEATER,3.0,6,M6,12.7,9.0,11.0,26,253,0,0,0,1
139,2014,BMW,Z4 sDRIVE35is,TWO-SEATER,3.0,6,AM7,13.7,10.1,12.1,23,278,0,0,0,1
140,2014,BUICK,ENCLAVE,SUV - STANDARD,3.6,6,A6,14.3,9.9,12.3,23,283,0,0,1,0
141,2014,BUICK,ENCLAVE AWD,SUV - STANDARD,3.6,6,A6,14.6,10.2,12.6,22,290,0,0,1,0
142,2014,BUICK,ENCORE,SUV - SMALL,1.4,4,AS6,9.5,7.2,8.5,33,196,0,0,1,0
143,2014,BUICK,ENCORE AWD,SUV - SMALL,1.4,4,AS6,10.2,8.0,9.2,31,212,0,0,1,0
144,2014,BUICK,LACROSSE,MID-SIZE,3.6,6,AS6,13.7,8.7,11.5,25,264,0,0,1,0
145,2014,BUICK,LACROSSE,MID-SIZE,3.6,6,AS6,18.4,12.2,15.6,18,250,0,1,0,0
146,2014,BUICK,LACROSSE AWD,MID-SIZE,3.6,6,AS6,13.7,8.9,11.5,25,264,0,0,1,0
147,2014,BUICK,LACROSSE AWD,MID-SIZE,3.6,6,AS6,19.4,13.0,16.5,17,264,0,1,0,0
148,2014,BUICK,LACROSSE eASSIST,MID-SIZE,2.4,4,AS6,9.6,6.5,8.2,34,189,0,0,1,0
149,2014,BUICK,REGAL,MID-SIZE,2.0,4,AS6,11.5,7.9,9.9,29,228,0,0,0,1
150,2014,BUICK,REGAL,MID-SIZE,2.0,4,M6,11.6,7.5,9.8,29,225,0,0,0,1
151,2014,BUICK,REGAL AWD,MID-SIZE,2.0,4,AS6,12.3,8.7,10.7,26,246,0,0,0,1
152,2014,BUICK,REGAL eASSIST,MID-SIZE,2.4,4,AS6,9.6,6.5,8.2,34,189,0,0,1,0
153,2014,BUICK,VERANO,COMPACT,2.0,4,AS6,11.5,7.9,9.9,29,228,0,0,0,1
154,2014,BUICK,VERANO,COMPACT,2.0,4,M6,11.6,7.5,9.8,29,225,0,0,0,1
155,2014,BUICK,VERANO,COMPACT,2.4,4,AS6,11.3,7.4,9.5,30,218,0,0,1,0
156,2014,CADILLAC,ATS,COMPACT,2.0,4,AS6,11.3,7.5,9.6,29,221,0,0,0,1
157,2014,CADILLAC,ATS,COMPACT,2.0,4,M6,12.1,7.9,10.2,28,235,0,0,0,1
158,2014,CADILLAC,ATS,COMPACT,2.5,4,AS6,10.5,7.2,9.0,31,207,0,0,1,0
159,2014,CADILLAC,ATS,COMPACT,3.6,6,AS6,12.8,8.5,10.9,26,251,0,0,1,0
160,2014,CADILLAC,ATS AWD,COMPACT,2.0,4,AS6,11.8,8.1,10.1,28,232,0,0,0,1
161,2014,CADILLAC,ATS AWD,COMPACT,3.6,6,AS6,13.1,9.0,11.3,25,260,0,0,1,0
162,2014,CADILLAC,CTS COUPE,MID-SIZE,3.6,6,AS6,13.2,8.7,11.2,25,258,0,0,1,0
163,2014,CADILLAC,CTS COUPE AWD,MID-SIZE,3.6,6,AS6,13.3,9.0,11.4,25,262,0,0,1,0
164,2014,CADILLAC,CTS SEDAN,MID-SIZE,2.0,4,AS6,11.9,7.9,10.1,28,232,0,0,0,1
165,2014,CADILLAC,CTS SEDAN,MID-SIZE,3.6,6,AS8,12.9,8.2,10.8,26,248,0,0,1,0
166,2014,CADILLAC,CTS SEDAN AWD,MID-SIZE,2.0,4,AS6,12.6,8.5,10.8,26,248,0,0,0,1
167,2014,CADILLAC,CTS SEDAN AWD,MID-SIZE,3.6,6,AS6,13.1,9.0,11.3,25,260,0,0,1,0
168,2014,CADILLAC,CTS SEDAN Vsport,MID-SIZE,3.6,6,AS8,15.1,9.9,12.8,22,294,0,0,0,1
169,2014,CADILLAC,CTS SPORT WAGON,STATION WAGON - SMALL,3.0,6,AS6,12.7,8.9,11.0,26,253,0,0,1,0
170,2014,CADILLAC,CTS SPORT WAGON,STATION WAGON - SMALL,3.6,6,AS6,13.3,8.9,11.3,25,260,0,0,1,0
171,2014,CADILLAC,CTS SPORT WAGON AWD,STATION WAGON - SMALL,3.0,6,AS6,12.8,9.1,11.1,25,255,0,0,1,0
172,2014,CADILLAC,CTS SPORT WAGON AWD,STATION WAGON - SMALL,3.6,6,AS6,13.3,9.0,11.4,25,262,0,0,1,0
173,2014,CADILLAC,CTS-V COUPE,MID-SIZE,6.2,8,AS6,19.7,12.9,16.6,17,382,0,0,0,1
174,2014,CADILLAC,CTS-V COUPE,MID-SIZE,6.2,8,M6,16.7,12.5,14.8,19,340,0,0,0,1
175,2014,CADILLAC,CTS-V SEDAN,MID-SIZE,6.2,8,AS6,19.7,12.9,16.6,17,382,0,0,0,1
176,2014,CADILLAC,CTS-V SEDAN,MID-SIZE,6.2,8,M6,16.7,12.5,14.8,19,340,0,0,0,1
177,2014,CADILLAC,CTS-V SPORT WAGON,STATION WAGON - SMALL,6.2,8,AS6,19.7,12.9,16.6,17,382,0,0,0,1
178,2014,CADILLAC,CTS-V SPORT WAGON,STATION WAGON - SMALL,6.2,8,M6,16.7,12.5,14.8,19,340,0,0,0,1
179,2014,CADILLAC,ESCALADE AWD,SUV - STANDARD,6.2,8,A6,17.0,11.8,14.7,19,338,0,0,0,1
180,2014,CADILLAC,ESCALADE AWD,SUV - STANDARD,6.2,8,A6,23.3,16.1,20.1,14,322,0,1,0,0
181,2014,CADILLAC,ESCALADE ESV AWD,SUV - STANDARD,6.2,8,A6,18.8,13.4,16.4,17,377,0,0,0,1
182,2014,CADILLAC,ESCALADE ESV AWD,SUV - STANDARD,6.2,8,A6,25.7,17.8,22.1,13,354,0,1,0,0
183,2014,CADILLAC,SRX,SUV - STANDARD,3.6,6,AS6,14.3,9.8,12.3,23,283,0,0,1,0
184,2014,CADILLAC,SRX AWD,SUV - STANDARD,3.6,6,AS6,14.8,10.4,12.8,22,294,0,0,1,0
185,2014,CADILLAC,XTS,FULL-SIZE,3.6,6,AS6,13.6,8.6,11.4,25,262,0,0,1,0
186,2014,CADILLAC,XTS AWD,FULL-SIZE,3.6,6,AS6,14.0,9.1,11.8,24,271,0,0,1,0
187,2014,CADILLAC,XTS Vsport AWD,FULL-SIZE,3.6,6,AS6,14.8,9.8,12.6,22,290,0,0,0,1
188,2014,CHEVROLET,CAMARO,COMPACT,3.6,6,AS6,13.2,8.7,11.2,25,258,0,0,1,0
189,2014,CHEVROLET,CAMARO,COMPACT,3.6,6,M6,14.2,8.6,11.7,24,269,0,0,1,0
190,2014,CHEVROLET,CAMARO 2LS,COMPACT,3.6,6,AS6,12.7,7.9,10.5,27,242,0,0,1,0
191,2014,CHEVROLET,CAMARO SS,COMPACT,6.2,8,AS6,15.3,9.8,12.8,22,294,0,0,0,1
192,2014,CHEVROLET,CAMARO SS,COMPACT,6.2,8,M6,15.0,9.9,12.7,22,292,0,0,0,1
193,2014,CHEVROLET,CAMARO ZL1,COMPACT,6.2,8,AS6,19.7,12.9,16.6,17,382,0,0,0,1
194,2014,CHEVROLET,CAMARO ZL1,COMPACT,6.2,8,M6,16.7,12.5,14.8,19,340,0,0,0,1
195,2014,CHEVROLET,CORVETTE,TWO-SEATER,6.2,8,AS6,14.9,8.5,12.0,24,276,0,0,0,1
196,2014,CHEVROLET,CORVETTE,TWO-SEATER,6.2,8,M7,13.7,8.2,11.2,25,258,0,0,0,1
197,2014,CHEVROLET,CRUZE,MID-SIZE,1.4,4,AS6,9.1,6.3,7.8,36,179,0,0,1,0
198,2014,CHEVROLET,CRUZE,MID-SIZE,1.4,4,M6,9.1,6.3,7.8,36,179,0,0,1,0
199,2014,CHEVROLET,CRUZE,MID-SIZE,1.8,4,AS6,10.5,6.7,8.8,32,202,0,0,1,0
200,2014,CHEVROLET,CRUZE,MID-SIZE,1.8,4,M6,9.5,6.5,8.2,34,189,0,0,1,0
201,2014,CHEVROLET,CRUZE DIESEL,MID-SIZE,2.0,4,AS6,8.7,5.1,7.1,40,192,1,0,0,0
202,2014,CHEVROLET,CRUZE ECO,MID-SIZE,1.4,4,A6,9.1,6.0,7.7,37,177,0,0,1,0
203,2014,CHEVROLET,CRUZE ECO,MID-SIZE,1.4,4,M6,8.4,5.6,7.1,40,163,0,0,1,0
204,2014,CHEVROLET,EQUINOX,SUV - SMALL,2.4,4,A6,10.5,7.3,9.1,31,209,0,0,1,0
205,2014,CHEVROLET,EQUINOX,SUV - SMALL,3.6,6,A6,13.9,9.6,12.0,24,276,0,0,1,0
206,2014,CHEVROLET,EQUINOX,SUV - SMALL,3.6,6,A6,18.8,13.1,16.2,17,259,0,1,0,0
207,2014,CHEVROLET,EQUINOX AWD,SUV - SMALL,2.4,4,A6,11.5,8.2,10.0,28,230,0,0,1,0
208,2014,CHEVROLET,EQUINOX AWD,SUV - SMALL,3.6,6,A6,14.8,9.9,12.6,22,290,0,0,1,0
209,2014,CHEVROLET,EQUINOX AWD,SUV - SMALL,3.6,6,A6,19.8,13.6,17.0,17,272,0,1,0,0
210,2014,CHEVROLET,EXPRESS 1500 CARGO,VAN - CARGO,4.3,6,A4,17.1,12.7,15.1,19,347,0,0,1,0
211,2014,CHEVROLET,EXPRESS 1500 CARGO,VAN - CARGO,5.3,8,A4,18.0,13.4,15.9,18,366,0,0,1,0
212,2014,CHEVROLET,EXPRESS 1500 CARGO,VAN - CARGO,5.3,8,A4,23.5,17.7,20.9,14,334,0,1,0,0
213,2014,CHEVROLET,EXPRESS 1500 CARGO AWD,VAN - CARGO,5.3,8,A4,18.3,14.2,16.5,17,380,0,0,1,0
214,2014,CHEVROLET,EXPRESS 1500 CARGO AWD,VAN - CARGO,5.3,8,A4,23.7,18.8,21.5,13,344,0,1,0,0
215,2014,CHEVROLET,EXPRESS 1500 CARGO CONV,VAN - CARGO,5.3,8,A4,18.6,13.9,16.5,17,380,0,0,1,0
216,2014,CHEVROLET,EXPRESS 1500 CARGO CONV,VAN - CARGO,5.3,8,A4,23.9,18.5,21.5,13,344,0,1,0,0
217,2014,CHEVROLET,EXPRESS 1500 CARGO CONV AWD,VAN - CARGO,5.3,8,A4,18.3,14.2,16.5,17,380,0,0,1,0
218,2014,CHEVROLET,EXPRESS 1500 CARGO CONV AWD,VAN - CARGO,5.3,8,A4,25.3,19.3,22.6,12,362,0,1,0,0
219,2014,CHEVROLET,EXPRESS 1500 PASSENGER,VAN - PASSENGER,5.3,8,A4,18.6,13.9,16.5,17,380,0,0,1,0
220,2014,CHEVROLET,EXPRESS 1500 PASSENGER,VAN - PASSENGER,5.3,8,A4,23.9,18.5,21.5,13,344,0,1,0,0
221,2014,CHEVROLET,EXPRESS 1500 PASSENGER AWD,VAN - PASSENGER,5.3,8,A4,18.3,14.2,16.5,17,380,0,0,1,0
222,2014,CHEVROLET,EXPRESS 1500 PASSENGER AWD,VAN - PASSENGER,5.3,8,A4,25.3,19.3,22.6,12,362,0,1,0,0
223,2014,CHEVROLET,EXPRESS 2500 PASSENGER,VAN - PASSENGER,4.8,8,A6,21.1,14.2,18.0,16,414,0,0,1,0
224,2014,CHEVROLET,EXPRESS 2500 PASSENGER,VAN - PASSENGER,6.0,8,A6,21.9,15.0,18.8,15,432,0,0,1,0
225,2014,CHEVROLET,EXPRESS 2500 PASSENGER,VAN - PASSENGER,6.0,8,A6,30.0,20.4,25.7,11,411,0,1,0,0
226,2014,CHEVROLET,EXPRESS 3500 PASSENGER,VAN - PASSENGER,4.8,8,A6,21.3,14.3,18.2,16,419,0,0,1,0
227,2014,CHEVROLET,EXPRESS 3500 PASSENGER,VAN - PASSENGER,6.0,8,A6,22.1,15.0,18.9,15,435,0,0,1,0
228,2014,CHEVROLET,EXPRESS 3500 PASSENGER,VAN - PASSENGER,6.0,8,A6,30.2,20.5,25.8,11,413,0,1,0,0
229,2014,CHEVROLET,IMPALA,FULL-SIZE,2.5,4,AS6,11.3,7.5,9.6,29,221,0,0,1,0
230,2014,CHEVROLET,IMPALA,FULL-SIZE,3.6,6,AS6,12.6,8.2,10.6,27,244,0,0,1,0
231,2014,CHEVROLET,IMPALA,FULL-SIZE,3.6,6,AS6,16.7,11.3,14.3,20,229,0,1,0,0
232,2014,CHEVROLET,IMPALA ECO,FULL-SIZE,2.4,4,AS6,10.0,7.0,8.7,32,200,0,0,1,0
233,2014,CHEVROLET,MALIBU,MID-SIZE,2.0,4,AS6,11.5,7.9,9.9,29,228,0,0,0,1
234,2014,CHEVROLET,MALIBU,MID-SIZE,2.5,4,AS6,9.3,6.4,8.0,35,184,0,0,1,0
235,2014,CHEVROLET,ORLANDO,SUV - SMALL,2.4,4,AS6,12.2,8.6,10.6,27,244,0,0,1,0
236,2014,CHEVROLET,ORLANDO,SUV - SMALL,2.4,4,M6,11.8,8.3,10.2,28,235,0,0,1,0
237,2014,CHEVROLET,SILVERADO,PICKUP TRUCK - STANDARD,4.3,6,A6,13.4,9.9,11.8,24,271,0,0,1,0
238,2014,CHEVROLET,SILVERADO,PICKUP TRUCK - STANDARD,4.3,6,A6,18.9,14.2,16.8,17,269,0,1,0,0
239,2014,CHEVROLET,SILVERADO,PICKUP TRUCK - STANDARD,5.3,8,A6,14.6,10.3,12.7,22,292,0,0,1,0
240,2014,CHEVROLET,SILVERADO,PICKUP TRUCK - STANDARD,5.3,8,A6,19.5,13.7,16.9,17,270,0,1,0,0
241,2014,CHEVROLET,SILVERADO,PICKUP TRUCK - STANDARD,6.2,8,A6,16.3,11.4,14.1,20,324,0,0,0,1
242,2014,CHEVROLET,SILVERADO 4WD,PICKUP TRUCK - STANDARD,4.3,6,A6,14.2,10.6,12.6,22,290,0,0,1,0
243,2014,CHEVROLET,SILVERADO 4WD,PICKUP TRUCK - STANDARD,4.3,6,A6,20.0,15.1,17.8,16,285,0,1,0,0
244,2014,CHEVROLET,SILVERADO 4WD,PICKUP TRUCK - STANDARD,5.3,8,A6,14.9,10.6,13.0,22,299,0,0,1,0
245,2014,CHEVROLET,SILVERADO 4WD,PICKUP TRUCK - STANDARD,5.3,8,A6,19.9,14.2,17.3,16,277,0,1,0,0
246,2014,CHEVROLET,SILVERADO 4WD,PICKUP TRUCK - STANDARD,6.2,8,A6,16.4,11.7,14.3,20,329,0,0,0,1
247,2014,CHEVROLET,SONIC,COMPACT,1.4,4,AS6,9.1,6.7,8.0,35,184,0,0,1,0
248,2014,CHEVROLET,SONIC,COMPACT,1.4,4,M6,8.5,6.2,7.5,38,173,0,0,1,0
249,2014,CHEVROLET,SONIC,COMPACT,1.8,4,AS6,9.6,6.6,8.3,34,191,0,0,1,0
250,2014,CHEVROLET,SONIC,COMPACT,1.8,4,M5,8.9,6.7,7.9,36,182,0,0,1,0
251,2014,CHEVROLET,SONIC 5,MID-SIZE,1.4,4,AS6,9.1,6.7,8.0,35,184,0,0,1,0
252,2014,CHEVROLET,SONIC 5,MID-SIZE,1.4,4,M6,8.5,6.2,7.5,38,172,0,0,1,0
253,2014,CHEVROLET,SONIC 5,MID-SIZE,1.8,4,AS6,9.6,6.6,8.3,34,191,0,0,1,0
254,2014,CHEVROLET,SONIC 5,MID-SIZE,1.8,4,M5,8.9,6.7,7.9,36,182,0,0,1,0
255,2014,CHEVROLET,SONIC 5 RS,MID-SIZE,1.4,4,AS6,9.4,7.0,8.3,34,191,0,0,1,0
256,2014,CHEVROLET,SONIC 5 RS,MID-SIZE,1.4,4,M6,8.7,7.0,7.9,36,182,0,0,1,0
257,2014,CHEVROLET,SONIC RS,COMPACT,1.4,4,AS6,9.4,7.0,8.3,34,191,0,0,1,0
258,2014,CHEVROLET,SONIC RS,COMPACT,1.4,4,M6,8.7,7.0,7.9,36,182,0,0,1,0
259,2014,CHEVROLET,SPARK,SUBCOMPACT,1.2,4,AV,7.7,6.0,6.9,41,159,0,0,1,0
260,2014,CHEVROLET,SPARK,SUBCOMPACT,1.2,4,M5,7.6,6.0,6.9,41,159,0,0,1,0
261,2014,CHEVROLET,SUBURBAN,SUV - STANDARD,5.3,8,A6,16.0,11.1,13.8,20,317,0,0,1,0
262,2014,CHEVROLET,SUBURBAN,SUV - STANDARD,5.3,8,A6,21.5,14.6,18.4,15,294,0,1,0,0
263,2014,CHEVROLET,SUBURBAN 4WD,SUV - STANDARD,5.3,8,A6,16.0,11.1,13.8,20,317,0,0,1,0
264,2014,CHEVROLET,SUBURBAN 4WD,SUV - STANDARD,5.3,8,A6,21.5,14.6,18.4,15,294,0,1,0,0
265,2014,CHEVROLET,TAHOE,SUV - STANDARD,5.3,8,A6,16.0,11.1,13.8,20,317,0,0,1,0
266,2014,CHEVROLET,TAHOE,SUV - STANDARD,5.3,8,A6,21.5,14.6,18.4,15,294,0,1,0,0
267,2014,CHEVROLET,TAHOE 4WD,SUV - STANDARD,5.3,8,A6,16.0,11.1,13.8,20,317,0,0,1,0
268,2014,CHEVROLET,TAHOE 4WD,SUV - STANDARD,5.3,8,A6,21.5,14.6,18.4,15,294,0,1,0,0
269,2014,CHEVROLET,TRAVERSE,SUV - STANDARD,3.6,6,A6,14.3,9.9,12.3,23,283,0,0,1,0
270,2014,CHEVROLET,TRAVERSE AWD,SUV - STANDARD,3.6,6,A6,14.6,10.2,12.6,22,290,0,0,1,0
271,2014,CHEVROLET,TRAX,SUV - SMALL,1.4,4,AS6,9.4,7.1,8.4,34,193,0,0,1,0
272,2014,CHEVROLET,TRAX,SUV - SMALL,1.4,4,M6,9.1,6.8,8.1,35,186,0,0,1,0
273,2014,CHEVROLET,TRAX AWD,SUV - SMALL,1.4,4,AS6,10.0,7.8,9.0,31,207,0,0,1,0
274,2014,CHRYSLER,300,FULL-SIZE,3.6,6,A8,12.4,7.7,10.3,27,237,0,0,1,0
275,2014,CHRYSLER,200 CONVERTIBLE,COMPACT,2.4,4,A4,11.7,8.2,10.1,28,232,0,0,1,0
276,2014,CHRYSLER,200 CONVERTIBLE,COMPACT,2.4,4,A6,12.9,8.1,10.7,26,246,0,0,1,0
277,2014,CHRYSLER,200 CONVERTIBLE FFV,COMPACT,3.6,6,A6,12.5,8.1,10.5,27,242,0,0,1,0
278,2014,CHRYSLER,200 CONVERTIBLE FFV,COMPACT,3.6,6,A6,17.0,11.2,14.4,20,230,0,1,0,0
279,2014,CHRYSLER,200 SEDAN,MID-SIZE,2.4,4,A4,11.2,8.0,9.8,29,225,0,0,1,0
280,2014,CHRYSLER,200 SEDAN,MID-SIZE,2.4,4,A6,12.0,7.6,10.0,28,230,0,0,1,0
281,2014,CHRYSLER,200 SEDAN FFV,MID-SIZE,3.6,6,A6,12.5,8.1,10.5,27,242,0,0,1,0
282,2014,CHRYSLER,200 SEDAN FFV,MID-SIZE,3.6,6,A6,17.0,11.2,14.4,20,230,0,1,0,0
283,2014,CHRYSLER,300 (MDS),FULL-SIZE,5.7,8,A5,15.8,9.2,12.8,22,294,0,0,1,0
284,2014,CHRYSLER,300 AWD,FULL-SIZE,3.6,6,A8,12.8,8.6,10.9,26,251,0,0,1,0
285,2014,CHRYSLER,300 AWD (MDS),FULL-SIZE,5.7,8,A5,16.1,10.0,13.4,21,308,0,0,1,0
286,2014,CHRYSLER,300 AWD FFV,FULL-SIZE,3.6,6,A8,12.8,8.6,10.9,26,251,0,0,1,0
287,2014,CHRYSLER,300 AWD FFV,FULL-SIZE,3.6,6,A8,17.3,11.7,14.8,19,237,0,1,0,0
288,2014,CHRYSLER,300 FFV,FULL-SIZE,3.6,6,A8,12.4,7.7,10.3,27,237,0,0,1,0
289,2014,CHRYSLER,300 FFV,FULL-SIZE,3.6,6,A8,16.8,10.3,13.9,20,222,0,1,0,0
290,2014,CHRYSLER,300 SRT (MDS),FULL-SIZE,6.4,8,A5,16.7,10.3,13.8,20,317,0,0,0,1
291,2014,CHRYSLER,TOWN & COUNTRY FFV,MINIVAN,3.6,6,A6,14.1,9.5,12.0,24,276,0,0,1,0
292,2014,CHRYSLER,TOWN & COUNTRY FFV,MINIVAN,3.6,6,A6,19.7,13.3,16.8,17,269,0,1,0,0
293,2014,DODGE,AVENGER,MID-SIZE,2.4,4,A4,11.2,8.0,9.8,29,225,0,0,1,0
294,2014,DODGE,AVENGER,MID-SIZE,2.4,4,A6,12.0,7.6,10.0,28,230,0,0,1,0
295,2014,DODGE,AVENGER FFV,MID-SIZE,3.6,6,A6,12.5,8.1,10.5,27,242,0,0,1,0
296,2014,DODGE,AVENGER FFV,MID-SIZE,3.6,6,A6,17.0,11.2,14.4,20,230,0,1,0,0
297,2014,DODGE,CHALLENGER,MID-SIZE,3.6,6,A5,13.2,8.7,11.2,25,258,0,0,1,0
298,2014,DODGE,CHALLENGER,MID-SIZE,5.7,8,M6,15.6,10.0,13.1,22,301,0,0,1,0
299,2014,DODGE,CHALLENGER (MDS),MID-SIZE,5.7,8,A5,15.8,9.2,12.8,22,294,0,0,1,0
300,2014,DODGE,CHALLENGER SRT,MID-SIZE,6.4,8,M6,16.8,10.4,13.9,20,320,0,0,0,1
301,2014,DODGE,CHALLENGER SRT (MDS),MID-SIZE,6.4,8,A5,16.7,10.3,13.8,20,317,0,0,0,1
302,2014,DODGE,CHARGER,FULL-SIZE,3.6,6,A5,13.2,8.7,11.2,25,258,0,0,1,0
303,2014,DODGE,CHARGER,FULL-SIZE,3.6,6,A8,12.4,7.7,10.3,27,237,0,0,1,0
304,2014,DODGE,CHARGER (MDS),FULL-SIZE,5.7,8,A5,15.8,9.2,12.8,22,294,0,0,1,0
305,2014,DODGE,CHARGER AWD,FULL-SIZE,3.6,6,A8,12.8,8.6,10.9,26,251,0,0,1,0
306,2014,DODGE,CHARGER AWD (MDS),FULL-SIZE,5.7,8,A5,16.1,10.0,13.4,21,308,0,0,1,0
307,2014,DODGE,CHARGER AWD FFV,FULL-SIZE,3.6,6,A8,12.8,8.6,10.9,26,251,0,0,1,0
308,2014,DODGE,CHARGER AWD FFV,FULL-SIZE,3.6,6,A8,17.3,11.7,14.8,19,237,0,1,0,0
309,2014,DODGE,CHARGER FFV,FULL-SIZE,3.6,6,A5,13.2,8.7,11.2,25,258,0,0,1,0
310,2014,DODGE,CHARGER FFV,FULL-SIZE,3.6,6,A5,18.3,12.6,15.7,18,251,0,1,0,0
311,2014,DODGE,CHARGER FFV,FULL-SIZE,3.6,6,A8,12.3,7.6,10.2,28,235,0,0,1,0
312,2014,DODGE,CHARGER FFV,FULL-SIZE,3.6,6,A8,16.8,10.3,13.9,20,222,0,1,0,0
313,2014,DODGE,CHARGER SRT (MDS),FULL-SIZE,6.4,8,A5,16.7,10.3,13.8,20,317,0,0,0,1
314,2014,DODGE,DART,MID-SIZE,2.0,4,M6,9.4,6.5,8.1,35,186,0,0,1,0
315,2014,DODGE,DART,MID-SIZE,2.4,4,A6,10.1,6.8,8.6,33,198,0,0,1,0
316,2014,DODGE,DART,MID-SIZE,2.4,4,M6,10.5,6.7,8.8,32,202,0,0,1,0
317,2014,DODGE,DART FFV,MID-SIZE,2.0,4,A6,9.9,7.0,8.6,33,198,0,0,1,0
318,2014,DODGE,DART FFV,MID-SIZE,2.0,4,A6,14.2,9.8,12.2,23,195,0,1,0,0
319,2014,DODGE,DART GT,MID-SIZE,2.4,4,A6,10.6,7.5,9.2,31,212,0,0,1,0
320,2014,DODGE,DART GT,MID-SIZE,2.4,4,M6,10.2,7.0,8.8,32,202,0,0,1,0
321,2014,DODGE,DART TURBO AERO,MID-SIZE,1.4,4,AM6,8.4,5.9,7.3,39,168,0,0,1,0
322,2014,DODGE,DART TURBO AERO,MID-SIZE,1.4,4,M6,8.5,5.8,7.3,39,168,0,0,1,0
323,2014,DODGE,DURANGO AWD (MDS),SUV - STANDARD,5.7,8,A8,17.3,10.8,14.4,20,331,0,0,1,0
324,2014,DODGE,DURANGO AWD FFV,SUV - STANDARD,3.6,6,A8,13.9,9.8,12.1,23,278,0,0,1,0
325,2014,DODGE,DURANGO AWD FFV,SUV - STANDARD,3.6,6,A8,17.7,13.0,15.6,18,250,0,1,0,0
326,2014,DODGE,GRAND CARAVAN FFV,MINIVAN,3.6,6,A6,13.7,9.4,11.8,24,271,0,0,1,0
327,2014,DODGE,GRAND CARAVAN FFV,MINIVAN,3.6,6,A6,19.2,13.1,16.5,17,264,0,1,0,0
328,2014,DODGE,JOURNEY,SUV - SMALL,2.4,4,A4,12.7,9.1,11.1,25,255,0,0,1,0
329,2014,DODGE,JOURNEY AWD,SUV - SMALL,3.6,6,A6,14.5,9.9,12.4,23,285,0,0,1,0
330,2014,DODGE,JOURNEY FFV,SUV - SMALL,3.6,6,A6,14.2,9.4,12.0,24,276,0,0,1,0
331,2014,DODGE,JOURNEY FFV,SUV - SMALL,3.6,6,A6,18.9,12.9,16.2,17,259,0,1,0,0
332,2014,FIAT,500 ABARTH CABRIO,MINICOMPACT,1.4,4,M5,8.5,6.9,7.8,36,179,0,0,1,0
333,2014,FIAT,500 ABARTH HATCHBACK,MINICOMPACT,1.4,4,M5,8.5,6.9,7.8,36,179,0,0,1,0
334,2014,FIAT,500 CABRIO,MINICOMPACT,1.4,4,A6,8.7,6.9,7.9,36,182,0,0,1,0
335,2014,FIAT,500 CABRIO,MINICOMPACT,1.4,4,M5,7.9,6.3,7.2,39,166,0,0,1,0
336,2014,FIAT,500 CABRIO TURBO,MINICOMPACT,1.4,4,M5,8.5,6.9,7.8,36,179,0,0,1,0
337,2014,FIAT,500 HATCHBACK,MINICOMPACT,1.4,4,A6,8.7,6.9,7.9,36,182,0,0,1,0
338,2014,FIAT,500 HATCHBACK,MINICOMPACT,1.4,4,M5,7.6,5.9,6.8,42,156,0,0,1,0
339,2014,FIAT,500 HATCHBACK TURBO,MINICOMPACT,1.4,4,M5,8.5,6.9,7.8,36,179,0,0,1,0
340,2014,FIAT,500L TURBO,STATION WAGON - SMALL,1.4,4,AM6,10.0,7.2,8.7,32,200,0,0,1,0
341,2014,FIAT,500L TURBO,STATION WAGON - SMALL,1.4,4,M6,9.3,7.2,8.4,34,193,0,0,1,0
342,2014,FORD,C-MAX HYBRID,FULL-SIZE,2.0,4,AV,5.6,6.4,6.0,47,138,0,0,1,0
343,2014,FORD,E150 VAN FFV,VAN - CARGO,4.6,8,A4,17.7,14.4,16.2,17,373,0,0,1,0
344,2014,FORD,E150 VAN FFV,VAN - CARGO,4.6,8,A4,24.1,19.2,21.9,13,350,0,1,0,0
345,2014,FORD,E150 VAN FFV,VAN - CARGO,5.4,8,A4,19.3,14.7,17.2,16,396,0,0,1,0
346,2014,FORD,E150 VAN FFV,VAN - CARGO,5.4,8,A4,24.9,19.6,22.5,13,360,0,1,0,0
347,2014,FORD,E150 WAGON FFV,VAN - PASSENGER,4.6,8,A4,18.6,14.6,16.8,17,386,0,0,1,0
348,2014,FORD,E150 WAGON FFV,VAN - PASSENGER,4.6,8,A4,25.5,20.0,23.0,12,368,0,1,0,0
349,2014,FORD,E350 WAGON,VAN - PASSENGER,6.8,10,A5,23.9,17.8,21.2,13,488,0,0,1,0
350,2014,FORD,E350 WAGON FFV,VAN - PASSENGER,5.4,8,A4,20.6,15.5,18.3,15,421,0,0,1,0
351,2014,FORD,E350 WAGON FFV,VAN - PASSENGER,5.4,8,A4,26.7,20.5,23.9,12,382,0,1,0,0
352,2014,FORD,EDGE,SUV - SMALL,2.0,4,A6,11.3,7.9,9.8,29,225,0,0,1,0
353,2014,FORD,EDGE,SUV - SMALL,3.5,6,AS6,12.6,8.7,10.8,26,248,0,0,1,0
354,2014,FORD,EDGE AWD,SUV - SMALL,3.5,6,AS6,13.3,9.3,11.5,25,264,0,0,1,0
355,2014,FORD,EDGE AWD,SUV - SMALL,3.7,6,AS6,13.7,10.4,12.2,23,281,0,0,1,0
356,2014,FORD,ESCAPE,SUV - SMALL,1.6,4,AS6,10.4,7.4,9.1,31,209,0,0,1,0
357,2014,FORD,ESCAPE,SUV - SMALL,2.0,4,AS6,10.9,8.0,9.6,29,221,0,0,1,0
358,2014,FORD,ESCAPE,SUV - SMALL,2.5,4,AS6,10.9,7.5,9.4,30,216,0,0,1,0
359,2014,FORD,ESCAPE AWD,SUV - SMALL,1.6,4,AS6,10.5,7.9,9.3,30,214,0,0,1,0
360,2014,FORD,ESCAPE AWD,SUV - SMALL,2.0,4,AS6,11.2,8.5,10.0,28,230,0,0,1,0
361,2014,FORD,EXPEDITION 4X4 FFV,SUV - STANDARD,5.4,8,A6,18.2,13.3,16.0,18,368,0,0,1,0
362,2014,FORD,EXPEDITION 4X4 FFV,SUV - STANDARD,5.4,8,A6,24.5,18.0,21.6,13,346,0,1,0,0
363,2014,FORD,EXPLORER,SUV - STANDARD,2.0,4,A6,11.8,8.3,10.2,28,235,0,0,1,0
364,2014,FORD,EXPLORER AWD,SUV - STANDARD,3.5,6,AS6,14.8,10.7,13.0,22,299,0,0,1,0
365,2014,FORD,EXPLORER FFV,SUV - STANDARD,3.5,6,AS6,13.7,9.7,11.9,24,274,0,0,1,0
366,2014,FORD,EXPLORER FFV,SUV - STANDARD,3.5,6,AS6,18.3,12.9,15.9,18,254,0,1,0,0
367,2014,FORD,EXPLORER FFV AWD,SUV - STANDARD,3.5,6,AS6,14.3,10.3,12.5,23,288,0,0,1,0
368,2014,FORD,EXPLORER FFV AWD,SUV - STANDARD,3.5,6,AS6,18.9,13.9,16.7,17,267,0,1,0,0
369,2014,FORD,F150,PICKUP TRUCK - STANDARD,3.5,6,A6,14.5,10.6,12.7,22,292,0,0,1,0
370,2014,FORD,F150,PICKUP TRUCK - STANDARD,3.5,6,AS6,14.6,10.6,12.8,22,294,0,0,1,0
371,2014,FORD,F150,PICKUP TRUCK - STANDARD,6.2,8,AS6,18.3,12.9,15.9,18,366,0,0,1,0
372,2014,FORD,F150 4X4,PICKUP TRUCK - STANDARD,3.5,6,A6,15.9,11.3,13.8,20,317,0,0,1,0
373,2014,FORD,F150 4X4,PICKUP TRUCK - STANDARD,3.5,6,AS6,15.4,11.0,13.4,21,308,0,0,1,0
374,2014,FORD,F150 4X4,PICKUP TRUCK - STANDARD,6.2,8,AS6,20.1,14.4,17.5,16,402,0,0,1,0
375,2014,FORD,F150 FFV,PICKUP TRUCK - STANDARD,3.7,6,A6,14.0,10.3,12.3,23,283,0,0,1,0
376,2014,FORD,F150 FFV,PICKUP TRUCK - STANDARD,3.7,6,A6,18.8,13.7,16.5,17,264,0,1,0,0
377,2014,FORD,F150 FFV,PICKUP TRUCK - STANDARD,3.7,6,AS6,14.0,10.3,12.3,23,283,0,0,1,0
378,2014,FORD,F150 FFV,PICKUP TRUCK - STANDARD,3.7,6,AS6,18.8,13.7,16.5,17,264,0,1,0,0
379,2014,FORD,F150 FFV,PICKUP TRUCK - STANDARD,5.0,8,A6,16.4,12.3,14.6,19,336,0,0,1,0
380,2014,FORD,F150 FFV,PICKUP TRUCK - STANDARD,5.0,8,A6,22.1,16.7,19.7,14,315,0,1,0,0
381,2014,FORD,F150 FFV,PICKUP TRUCK - STANDARD,5.0,8,AS6,16.4,12.3,14.6,19,336,0,0,1,0
382,2014,FORD,F150 FFV,PICKUP TRUCK - STANDARD,5.0,8,AS6,22.1,16.7,19.7,14,315,0,1,0,0
383,2014,FORD,F150 FFV 4X4,PICKUP TRUCK - STANDARD,3.7,6,A6,15.0,11.4,13.4,21,308,0,0,1,0
384,2014,FORD,F150 FFV 4X4,PICKUP TRUCK - STANDARD,3.7,6,A6,20.2,15.3,18.0,16,288,0,1,0,0
385,2014,FORD,F150 FFV 4X4,PICKUP TRUCK - STANDARD,3.7,6,AS6,15.0,11.4,13.4,21,308,0,0,1,0
386,2014,FORD,F150 FFV 4X4,PICKUP TRUCK - STANDARD,3.7,6,AS6,20.2,15.3,18.0,16,288,0,1,0,0
387,2014,FORD,F150 FFV 4X4,PICKUP TRUCK - STANDARD,5.0,8,A6,16.8,12.6,14.9,19,343,0,0,1,0
388,2014,FORD,F150 FFV 4X4,PICKUP TRUCK - STANDARD,5.0,8,A6,22.4,17.0,20.0,14,320,0,1,0,0
389,2014,FORD,F150 FFV 4X4,PICKUP TRUCK - STANDARD,5.0,8,AS6,16.7,12.5,14.8,19,340,0,0,1,0
390,2014,FORD,F150 FFV 4X4,PICKUP TRUCK - STANDARD,5.0,8,AS6,22.4,16.9,19.9,14,318,0,1,0,0
391,2014,FORD,F150 RAPTOR 4X4,PICKUP TRUCK - STANDARD,6.2,8,AS6,20.4,15.0,18.0,16,414,0,0,1,0
392,2014,FORD,FIESTA,SUBCOMPACT,1.6,4,AS6,8.5,6.5,7.6,37,175,0,0,1,0
393,2014,FORD,FIESTA,SUBCOMPACT,1.6,4,M5,8.6,6.4,7.6,37,175,0,0,1,0
394,2014,FORD,FIESTA SFE,SUBCOMPACT,1.0,4,M5,7.5,5.5,6.6,43,152,0,0,1,0
395,2014,FORD,FIESTA SFE,SUBCOMPACT,1.6,4,AS6,8.0,5.8,7.0,40,161,0,0,1,0
396,2014,FORD,FIESTA ST,COMPACT,1.6,4,M6,8.9,6.8,8.0,35,184,0,0,1,0
397,2014,FORD,FLEX,SUV - STANDARD,3.5,6,AS6,13.2,9.4,11.5,25,264,0,0,1,0
398,2014,FORD,FLEX AWD,SUV - STANDARD,3.5,6,AS6,13.7,10.2,12.1,23,278,0,0,1,0
399,2014,FORD,FLEX AWD (EcoBoost),SUV - STANDARD,3.5,6,AS6,14.8,10.4,12.8,22,294,0,0,1,0
400,2014,FORD,FOCUS,COMPACT,2.0,4,M6,10.2,7.4,8.9,32,205,0,0,1,0
401,2014,FORD,FOCUS FFV,COMPACT,2.0,4,A6,8.8,6.4,7.7,37,177,0,0,1,0
402,2014,FORD,FOCUS FFV,COMPACT,2.0,4,A6,11.7,8.5,10.3,27,165,0,1,0,0
403,2014,FORD,FOCUS FFV,COMPACT,2.0,4,AS6,8.9,6.4,7.8,36,179,0,0,1,0
404,2014,FORD,FOCUS FFV,COMPACT,2.0,4,AS6,11.7,8.5,10.3,27,165,0,1,0,0
405,2014,FORD,FOCUS FFV,COMPACT,2.0,4,M5,9.1,6.6,8.0,35,184,0,0,1,0
406,2014,FORD,FOCUS FFV,COMPACT,2.0,4,M5,11.9,8.9,10.6,27,170,0,1,0,0
407,2014,FORD,FOCUS SFE FFV,COMPACT,2.0,4,A6,8.4,5.8,7.2,39,166,0,0,1,0
408,2014,FORD,FOCUS SFE FFV,COMPACT,2.0,4,A6,11.6,8.3,10.1,28,162,0,1,0,0
409,2014,FORD,FUSION,MID-SIZE,1.5,4,AS6,10.1,6.6,8.5,33,196,0,0,1,0
410,2014,FORD,FUSION,MID-SIZE,1.6,4,M6,9.4,6.4,8.1,35,186,0,0,1,0
411,2014,FORD,FUSION,MID-SIZE,2.0,4,AS6,10.5,7.1,9.0,31,207,0,0,1,0
412,2014,FORD,FUSION,MID-SIZE,2.5,4,AS6,10.5,7.0,8.9,32,205,0,0,1,0
413,2014,FORD,FUSION (Start/Stop),MID-SIZE,1.5,4,AS6,9.5,6.3,8.1,35,186,0,0,1,0
414,2014,FORD,FUSION AWD,MID-SIZE,2.0,4,AS6,10.9,7.5,9.4,30,216,0,0,1,0
415,2014,FORD,FUSION HYBRID,MID-SIZE,2.0,4,AV,5.3,5.7,5.5,51,126,0,0,1,0
416,2014,FORD,MUSTANG,SUBCOMPACT,3.7,6,A6,12.1,7.8,10.2,28,235,0,0,1,0
417,2014,FORD,MUSTANG,SUBCOMPACT,3.7,6,M6,12.7,8.1,10.6,27,244,0,0,1,0
418,2014,FORD,MUSTANG,SUBCOMPACT,5.0,8,A6,13.3,9.3,11.5,25,264,0,0,1,0
419,2014,FORD,MUSTANG,SUBCOMPACT,5.0,8,M6,15.4,9.4,12.7,22,292,0,0,1,0
420,2014,FORD,MUSTANG,SUBCOMPACT,5.8,8,M6,15.9,9.9,13.2,21,304,0,0,0,1
421,2014,FORD,MUSTANG CONVERTIBLE,SUBCOMPACT,3.7,6,A6,12.5,8.2,10.6,27,244,0,0,1,0
422,2014,FORD,TAURUS,FULL-SIZE,2.0,4,AS6,10.5,7.3,9.1,31,209,0,0,1,0
423,2014,FORD,TAURUS AWD,FULL-SIZE,3.5,6,AS6,13.7,9.4,11.8,24,271,0,0,1,0
424,2014,FORD,TAURUS FFV,FULL-SIZE,3.5,6,AS6,12.1,8.1,10.3,27,237,0,0,1,0
425,2014,FORD,TAURUS FFV,FULL-SIZE,3.5,6,AS6,17.0,11.1,14.3,20,229,0,1,0,0
426,2014,FORD,TAURUS FFV AWD,FULL-SIZE,3.5,6,AS6,13.0,9.1,11.2,25,258,0,0,1,0
427,2014,FORD,TAURUS FFV AWD,FULL-SIZE,3.5,6,AS6,18.4,12.5,15.7,18,251,0,1,0,0
428,2014,FORD,TRANSIT CONNECT,SPECIAL PURPOSE VEHICLE,1.6,4,AS6,10.8,8.0,9.5,30,218,0,0,1,0
429,2014,FORD,TRANSIT CONNECT,SPECIAL PURPOSE VEHICLE,2.5,4,AS6,11.3,8.2,9.9,29,228,0,0,1,0
430,2014,FORD,TRANSIT CONNECT TAXI,SPECIAL PURPOSE VEHICLE,1.6,4,AS6,11.5,8.3,10.1,28,232,0,0,1,0
431,2014,FORD,TRANSIT CONNECT WAGON,SPECIAL PURPOSE VEHICLE,2.5,4,AS6,11.9,8.5,10.4,27,239,0,0,1,0
432,2014,GMC,ACADIA,SUV - STANDARD,3.6,6,A6,14.3,9.9,12.3,23,283,0,0,1,0
433,2014,GMC,ACADIA AWD,SUV - STANDARD,3.6,6,A6,14.9,10.4,12.9,22,297,0,0,1,0
434,2014,GMC,SAVANA 1500 CARGO,VAN - CARGO,4.3,6,A4,17.1,12.7,15.1,19,347,0,0,1,0
435,2014,GMC,SAVANA 1500 CARGO,VAN - CARGO,5.3,8,A4,18.0,13.4,15.9,18,366,0,0,1,0
436,2014,GMC,SAVANA 1500 CARGO,VAN - CARGO,5.3,8,A4,23.5,17.7,20.9,14,334,0,1,0,0
437,2014,GMC,SAVANA 1500 CARGO AWD,VAN - CARGO,5.3,8,A4,18.3,14.2,16.5,17,380,0,0,1,0
438,2014,GMC,SAVANA 1500 CARGO AWD,VAN - CARGO,5.3,8,A4,23.7,18.8,21.5,13,344,0,1,0,0
439,2014,GMC,SAVANA 1500 CARGO CONV,VAN - CARGO,5.3,8,A4,18.6,13.9,16.5,17,380,0,0,1,0
440,2014,GMC,SAVANA 1500 CARGO CONV,VAN - CARGO,5.3,8,A4,23.9,18.5,21.5,13,344,0,1,0,0
441,2014,GMC,SAVANA 1500 CARGO CONV AWD,VAN - CARGO,5.3,8,A4,18.3,14.2,16.5,17,380,0,0,1,0
442,2014,GMC,SAVANA 1500 CARGO CONV AWD,VAN - CARGO,5.3,8,A4,25.3,19.3,22.6,12,362,0,1,0,0
443,2014,GMC,SAVANA 1500 PASSENGER,VAN - PASSENGER,5.3,8,A4,18.6,13.9,16.5,17,380,0,0,1,0
444,2014,GMC,SAVANA 1500 PASSENGER,VAN - PASSENGER,5.3,8,A4,23.9,18.5,21.5,13,344,0,1,0,0
445,2014,GMC,SAVANA 1500 PASSENGER AWD,VAN - PASSENGER,5.3,8,A4,18.3,14.2,16.5,17,380,0,0,1,0
446,2014,GMC,SAVANA 1500 PASSENGER AWD,VAN - PASSENGER,5.3,8,A4,25.3,19.3,22.6,12,362,0,1,0,0
447,2014,GMC,SAVANA 2500 PASSENGER,VAN - PASSENGER,4.8,8,A6,21.1,14.2,18.0,16,414,0,0,1,0
448,2014,GMC,SAVANA 2500 PASSENGER,VAN - PASSENGER,6.0,8,A6,21.9,15.0,18.8,15,432,0,0,1,0
449,2014,GMC,SAVANA 2500 PASSENGER,VAN - PASSENGER,6.0,8,A6,30.0,20.4,25.7,11,411,0,1,0,0
450,2014,GMC,SAVANA 3500 PASSENGER,VAN - PASSENGER,4.8,8,A6,21.3,14.3,18.2,16,419,0,0,1,0
451,2014,GMC,SAVANA 3500 PASSENGER,VAN - PASSENGER,6.0,8,A6,22.1,15.0,18.9,15,435,0,0,1,0
452,2014,GMC,SAVANA 3500 PASSENGER,VAN - PASSENGER,6.0,8,A6,30.2,20.5,25.8,11,413,0,1,0,0
453,2014,GMC,SIERRA,PICKUP TRUCK - STANDARD,4.3,6,A6,13.4,9.9,11.8,24,271,0,0,1,0
454,2014,GMC,SIERRA,PICKUP TRUCK - STANDARD,4.3,6,A6,18.9,14.2,16.8,17,269,0,1,0,0
455,2014,GMC,SIERRA,PICKUP TRUCK - STANDARD,5.3,8,A6,14.6,10.3,12.7,22,292,0,0,1,0
456,2014,GMC,SIERRA,PICKUP TRUCK - STANDARD,5.3,8,A6,19.5,13.7,16.9,17,270,0,1,0,0
457,2014,GMC,SIERRA,PICKUP TRUCK - STANDARD,6.2,8,A6,16.3,11.4,14.1,20,324,0,0,0,1
458,2014,GMC,SIERRA 4WD,PICKUP TRUCK - STANDARD,4.3,6,A6,14.2,10.6,12.6,22,290,0,0,1,0
459,2014,GMC,SIERRA 4WD,PICKUP TRUCK - STANDARD,4.3,6,A6,20.0,15.1,17.8,16,285,0,1,0,0
460,2014,GMC,SIERRA 4WD,PICKUP TRUCK - STANDARD,5.3,8,A6,14.9,10.6,13.0,22,299,0,0,1,0
461,2014,GMC,SIERRA 4WD,PICKUP TRUCK - STANDARD,5.3,8,A6,19.9,14.2,17.3,16,277,0,1,0,0
462,2014,GMC,SIERRA 4WD,PICKUP TRUCK - STANDARD,6.2,8,A6,16.4,11.7,14.3,20,329,0,0,0,1
463,2014,GMC,TERRAIN,SUV - SMALL,2.4,4,A6,10.5,7.3,9.1,31,209,0,0,1,0
464,2014,GMC,TERRAIN,SUV - SMALL,3.6,6,A6,13.9,9.6,12.0,24,276,0,0,1,0
465,2014,GMC,TERRAIN,SUV - SMALL,3.6,6,A6,18.8,13.1,16.2,17,259,0,1,0,0
466,2014,GMC,TERRAIN AWD,SUV - SMALL,2.4,4,A6,11.5,8.2,10.0,28,230,0,0,1,0
467,2014,GMC,TERRAIN AWD,SUV - SMALL,3.6,6,A6,14.8,9.9,12.6,22,290,0,0,1,0
468,2014,GMC,TERRAIN AWD,SUV - SMALL,3.6,6,A6,19.8,13.6,17.0,17,272,0,1,0,0
469,2014,GMC,YUKON,SUV - STANDARD,5.3,8,A6,16.0,11.1,13.8,20,317,0,0,1,0
470,2014,GMC,YUKON,SUV - STANDARD,5.3,8,A6,21.5,14.6,18.4,15,294,0,1,0,0
471,2014,GMC,YUKON 4WD,SUV - STANDARD,5.3,8,A6,16.0,11.1,13.8,20,317,0,0,1,0
472,2014,GMC,YUKON 4WD,SUV - STANDARD,5.3,8,A6,21.5,14.6,18.4,15,294,0,1,0,0
473,2014,GMC,YUKON DENALI AWD,SUV - STANDARD,6.2,8,A6,17.0,11.8,14.7,19,338,0,0,0,1
474,2014,GMC,YUKON DENALI AWD,SUV - STANDARD,6.2,8,A6,23.3,16.1,20.1,14,322,0,1,0,0
475,2014,GMC,YUKON DENALI XL AWD,SUV - STANDARD,6.2,8,A6,18.8,13.4,16.4,17,377,0,0,0,1
476,2014,GMC,YUKON DENALI XL AWD,SUV - STANDARD,6.2,8,A6,25.7,17.8,22.1,13,354,0,1,0,0
477,2014,GMC,YUKON XL,SUV - STANDARD,5.3,8,A6,16.0,11.1,13.8,20,317,0,0,1,0
478,2014,GMC,YUKON XL,SUV - STANDARD,5.3,8,A6,21.5,14.6,18.4,15,294,0,1,0,0
479,2014,GMC,YUKON XL 4WD,SUV - STANDARD,5.3,8,A6,16.0,11.1,13.8,20,317,0,0,1,0
480,2014,GMC,YUKON XL 4WD,SUV - STANDARD,5.3,8,A6,21.5,14.6,18.4,15,294,0,1,0,0
481,2014,HONDA,ACCORD,MID-SIZE,2.4,4,AV,9.0,6.6,7.9,36,182,0,0,1,0
482,2014,HONDA,ACCORD,MID-SIZE,2.4,4,AV7,9.1,6.9,8.1,35,186,0,0,1,0
483,2014,HONDA,ACCORD,MID-SIZE,2.4,4,M6,10.1,6.9,8.7,32,200,0,0,1,0
484,2014,HONDA,ACCORD,MID-SIZE,3.5,6,A6,11.0,6.8,9.1,31,209,0,0,1,0
485,2014,HONDA,ACCORD,MID-SIZE,3.5,6,AS6,11.4,7.3,9.6,29,221,0,0,1,0
486,2014,HONDA,ACCORD,MID-SIZE,3.5,6,M6,13.0,8.4,10.9,26,251,0,0,1,0
487,2014,HONDA,ACCORD HYBRID,MID-SIZE,2.0,4,AV,4.7,4.9,4.8,59,110,0,0,1,0
488,2014,HONDA,CIVIC,COMPACT,1.8,4,AV,7.9,6.0,7.0,40,161,0,0,1,0
489,2014,HONDA,CIVIC,COMPACT,1.8,4,AV7,8.1,6.2,7.2,39,166,0,0,1,0
490,2014,HONDA,CIVIC,COMPACT,1.8,4,M5,8.5,6.6,7.6,37,175,0,0,1,0
491,2014,HONDA,CROSSTOUR AWD,SUV - SMALL,3.5,6,A6,12.5,8.5,10.7,26,246,0,0,1,0
492,2014,HONDA,CR-V,SUV - SMALL,2.4,4,A5,10.3,7.6,9.1,31,209,0,0,1,0
493,2014,HONDA,CR-V AWD,SUV - SMALL,2.4,4,A5,10.6,7.9,9.4,30,216,0,0,1,0
494,2014,HONDA,CR-Z,TWO-SEATER,1.5,4,AV7,6.6,6.0,6.3,45,145,0,0,1,0
495,2014,HONDA,CR-Z,TWO-SEATER,1.5,4,M6,7.6,6.1,6.9,41,159,0,0,1,0
496,2014,HONDA,FIT,STATION WAGON - SMALL,1.5,4,A5,8.3,6.5,7.5,38,172,0,0,1,0
497,2014,HONDA,FIT,STATION WAGON - SMALL,1.5,4,M5,8.3,6.9,7.7,37,177,0,0,1,0
498,2014,HONDA,ODYSSEY,MINIVAN,3.5,6,A6,12.3,8.5,10.6,27,244,0,0,1,0
499,2014,HONDA,PILOT,SUV - SMALL,3.5,6,A5,13.3,9.3,11.5,25,265,0,0,1,0
500,2014,HONDA,PILOT AWD,SUV - SMALL,3.5,6,A5,13.9,9.7,12.0,24,276,0,0,1,0
501,2014,HONDA,RIDGELINE AWD,PICKUP TRUCK - STANDARD,3.5,6,A5,15.2,11.3,13.4,21,308,0,0,1,0
502,2014,HYUNDAI,ACCENT,COMPACT,1.6,4,A6,8.8,6.3,7.7,37,177,0,0,1,0
503,2014,HYUNDAI,ACCENT,COMPACT,1.6,4,M6,8.7,6.4,7.7,37,177,0,0,1,0
504,2014,HYUNDAI,ELANTRA GT,MID-SIZE,2.0,4,A6,9.8,7.2,8.6,33,198,0,0,1,0
505,2014,HYUNDAI,ELANTRA GT,MID-SIZE,2.0,4,M6,9.8,7.0,8.5,33,196,0,0,1,0
506,2014,HYUNDAI,EQUUS,FULL-SIZE,5.0,8,A8,15.7,10.2,13.2,21,304,0,0,0,1
507,2014,HYUNDAI,GENESIS,FULL-SIZE,3.8,6,A8,13.0,8.7,11.1,25,255,0,0,1,0
508,2014,HYUNDAI,SANTA FE,SUV - SMALL,3.3,6,A6,13.0,9.1,11.2,25,258,0,0,1,0
509,2014,HYUNDAI,SANTA FE 4WD,SUV - SMALL,3.3,6,A6,13.3,9.5,11.6,24,267,0,0,1,0
510,2014,HYUNDAI,SANTA FE SPORT,SUV - SMALL,2.4,4,A6,11.6,8.7,10.3,27,237,0,0,1,0
511,2014,HYUNDAI,SANTA FE SPORT 4WD,SUV - SMALL,2.0,4,A6,12.9,9.7,11.5,25,264,0,0,1,0
512,2014,HYUNDAI,SANTA FE SPORT 4WD,SUV - SMALL,2.4,4,A6,12.5,9.4,11.1,25,255,0,0,1,0
513,2014,HYUNDAI,SONATA,FULL-SIZE,2.0,4,A6,11.4,7.5,9.6,29,221,0,0,1,0
514,2014,HYUNDAI,SONATA,FULL-SIZE,2.4,4,A6,9.8,7.0,8.5,33,196,0,0,1,0
515,2014,HYUNDAI,SONATA HYBRID,MID-SIZE,2.4,4,AS6,6.5,5.9,6.2,46,143,0,0,1,0
516,2014,HYUNDAI,SONATA HYBRID LIMITED,MID-SIZE,2.4,4,AS6,6.6,5.9,6.3,45,145,0,0,1,0
517,2014,HYUNDAI,TUCSON,SUV - SMALL,2.0,4,A6,10.2,8.2,9.3,30,214,0,0,1,0
518,2014,HYUNDAI,TUCSON,SUV - SMALL,2.0,4,M6,11.4,8.6,10.1,28,232,0,0,1,0
519,2014,HYUNDAI,TUCSON,SUV - SMALL,2.4,4,A6,11.3,8.3,10.0,28,230,0,0,1,0
520,2014,HYUNDAI,TUCSON 4WD,SUV - SMALL,2.0,4,A6,11.4,9.3,10.5,27,242,0,0,1,0
521,2014,HYUNDAI,TUCSON 4WD,SUV - SMALL,2.4,4,A6,11.6,9.3,10.6,27,244,0,0,1,0
522,2014,HYUNDAI,VELOSTER,COMPACT,1.6,4,AM6,8.6,6.6,7.7,37,177,0,0,1,0
523,2014,HYUNDAI,VELOSTER,COMPACT,1.6,4,M6,9.1,6.7,8.0,35,184,0,0,1,0
524,2014,HYUNDAI,VELOSTER TURBO,COMPACT,1.6,4,A6,9.9,7.5,8.8,32,202,0,0,1,0
525,2014,HYUNDAI,VELOSTER TURBO,COMPACT,1.6,4,M6,9.7,7.1,8.5,33,196,0,0,1,0
526,2014,INFINITI,Q50,MID-SIZE,3.7,6,AS7,12.0,8.0,10.2,28,235,0,0,0,1
527,2014,INFINITI,Q50 AWD,MID-SIZE,3.7,6,AS7,12.6,8.7,10.8,26,248,0,0,0,1
528,2014,INFINITI,Q50 HYBRID,COMPACT,3.5,6,AS7,8.2,6.7,7.5,38,172,0,0,0,1
529,2014,INFINITI,Q50 HYBRID AWD,COMPACT,3.5,6,AS7,8.7,7.5,8.2,34,189,0,0,0,1
530,2014,INFINITI,Q60 AWD COUPE,SUBCOMPACT,3.7,6,AS7,13.3,9.4,11.5,25,265,0,0,0,1
531,2014,INFINITI,Q60 CONVERTIBLE,SUBCOMPACT,3.7,6,AS7,13.6,9.3,11.7,24,269,0,0,0,1
532,2014,INFINITI,Q60 CONVERTIBLE,SUBCOMPACT,3.7,6,M6,14.3,9.8,12.3,23,283,0,0,0,1
533,2014,INFINITI,Q60 COUPE,SUBCOMPACT,3.7,6,AS7,12.9,8.9,11.1,25,255,0,0,0,1
534,2014,INFINITI,Q60 COUPE,SUBCOMPACT,3.7,6,M6,13.5,9.3,11.6,24,267,0,0,0,1
535,2014,INFINITI,Q70,MID-SIZE,3.7,6,AS7,12.8,8.9,11.0,26,253,0,0,0,1
536,2014,INFINITI,Q70,MID-SIZE,5.6,8,AS7,14.5,9.5,12.3,23,283,0,0,0,1
537,2014,INFINITI,Q70 AWD,MID-SIZE,3.7,6,AS7,13.2,9.6,11.6,24,267,0,0,0,1
538,2014,INFINITI,Q70 AWD,MID-SIZE,5.6,8,AS7,15.0,10.2,12.8,22,294,0,0,0,1
539,2014,INFINITI,Q70 HYBRID,MID-SIZE,3.5,6,AS7,8.0,7.0,7.6,37,175,0,0,0,1
540,2014,INFINITI,QX50 AWD,STATION WAGON - SMALL,3.7,6,AS7,13.6,9.6,11.8,24,271,0,0,0,1
541,2014,INFINITI,QX60,SUV - SMALL,3.5,6,AV,11.9,9.0,10.6,27,244,0,0,0,1
542,2014,INFINITI,QX60 AWD,SUV - SMALL,3.5,6,AV,12.3,9.3,11.0,26,253,0,0,0,1
543,2014,INFINITI,QX60 HYBRID AWD,SUV - STANDARD,2.5,4,AV,8.8,8.2,8.5,33,196,0,0,1,0
544,2014,INFINITI,QX70 AWD,SUV - SMALL,3.7,6,AS7,14.5,10.7,12.8,22,294,0,0,0,1
545,2014,INFINITI,QX70 AWD,SUV - SMALL,5.0,8,AS7,16.6,11.9,14.5,19,334,0,0,0,1
546,2014,INFINITI,QX80 4WD,SUV - STANDARD,5.6,8,AS7,17.4,12.1,15.0,19,345,0,0,0,1
547,2014,JAGUAR,F-TYPE CONVERTIBLE,TWO-SEATER,3.0,6,AS8,11.8,8.4,10.3,27,237,0,0,0,1
548,2014,JAGUAR,F-TYPE S CONVERTIBLE,TWO-SEATER,3.0,6,AS8,12.2,8.7,10.6,27,244,0,0,0,1
549,2014,JAGUAR,F-TYPE V8 S CONVERTIBLE,TWO-SEATER,5.0,8,AS8,15.0,10.2,12.8,22,294,0,0,0,1
550,2014,JAGUAR,XF,MID-SIZE,2.0,4,AS8,12.3,8.2,10.5,27,242,0,0,0,1
551,2014,JAGUAR,XF 3.0L AWD,MID-SIZE,3.0,6,AS8,14.7,9.1,12.2,23,281,0,0,0,1
552,2014,JAGUAR,XFR,MID-SIZE,5.0,8,AS8,15.7,10.3,13.3,21,306,0,0,0,1
553,2014,JAGUAR,XFR,MID-SIZE,5.0,8,AS8,21.3,14.1,18.1,16,290,0,1,0,0
554,2014,JAGUAR,XFR-S,MID-SIZE,5.0,8,AS8,15.7,10.3,13.3,21,306,0,0,0,1
555,2014,JAGUAR,XJ AWD,FULL-SIZE,3.0,6,AS8,14.6,9.6,12.4,23,285,0,0,0,1
556,2014,JAGUAR,XJ SUPERCHARGED,FULL-SIZE,5.0,8,AS8,15.8,10.2,13.3,21,306,0,0,0,1
557,2014,JAGUAR,XJ SUPERCHARGED,FULL-SIZE,5.0,8,AS8,20.6,13.6,17.5,16,280,0,1,0,0
558,2014,JAGUAR,XJL AWD PORTFOLIO,FULL-SIZE,3.0,6,AS8,14.7,9.6,12.4,23,285,0,0,0,1
559,2014,JAGUAR,XJL SUPERCHARGED,FULL-SIZE,5.0,8,AS8,15.8,10.2,13.3,21,306,0,0,0,1
560,2014,JAGUAR,XJL SUPERCHARGED,FULL-SIZE,5.0,8,AS8,20.6,13.6,17.5,16,280,0,1,0,0
561,2014,JAGUAR,XJR,FULL-SIZE,5.0,8,AS8,15.8,10.2,13.3,21,306,0,0,0,1
562,2014,JAGUAR,XJR LWB,FULL-SIZE,5.0,8,AS8,15.8,10.2,13.3,21,306,0,0,0,1
563,2014,JAGUAR,XK CONVERTIBLE,MINICOMPACT,5.0,8,AS6,15.1,10.6,13.1,22,301,0,0,0,1
564,2014,JAGUAR,XK COUPE,MINICOMPACT,5.0,8,AS6,14.8,9.9,12.6,22,290,0,0,0,1
565,2014,JAGUAR,XKR CONVERTIBLE,MINICOMPACT,5.0,8,AS6,15.9,10.9,13.7,21,315,0,0,0,1
566,2014,JAGUAR,XKR COUPE,MINICOMPACT,5.0,8,AS6,15.6,10.9,13.5,21,310,0,0,0,1
567,2014,JAGUAR,XKR-S CONVERTIBLE,MINICOMPACT,5.0,8,AS6,15.9,10.9,13.7,21,315,0,0,0,1
568,2014,JAGUAR,XKR-S COUPE,MINICOMPACT,5.0,8,AS6,15.6,10.9,13.5,21,310,0,0,0,1
569,2014,JEEP,CHEROKEE,SUV - SMALL,2.4,4,A9,10.9,7.7,9.5,30,218,0,0,1,0
570,2014,JEEP,CHEROKEE,SUV - SMALL,3.2,6,A9,12.3,8.3,10.5,27,242,0,0,1,0
571,2014,JEEP,CHEROKEE 4X4,SUV - SMALL,2.4,4,A9,11.3,8.3,10.0,28,230,0,0,1,0
572,2014,JEEP,CHEROKEE 4X4,SUV - SMALL,3.2,6,A9,12.5,8.8,10.8,26,248,0,0,1,0
573,2014,JEEP,CHEROKEE 4X4 Active Drive II,SUV - SMALL,2.4,4,A9,11.4,8.6,10.1,28,232,0,0,1,0
574,2014,JEEP,CHEROKEE 4X4 Active Drive II,SUV - SMALL,3.2,6,A9,12.5,9.1,11.0,26,253,0,0,1,0
575,2014,JEEP,CHEROKEE TRAILHAWK 4X4,SUV - SMALL,2.4,4,A9,12.1,9.4,10.9,26,251,0,0,1,0
576,2014,JEEP,CHEROKEE TRAILHAWK 4X4,SUV - SMALL,3.2,6,A9,13.4,9.5,11.6,24,267,0,0,1,0
577,2014,JEEP,COMPASS,SUV - SMALL,2.0,4,A6,11.1,8.3,9.8,29,225,0,0,1,0
578,2014,JEEP,COMPASS,SUV - SMALL,2.0,4,M5,10.2,7.8,9.1,31,209,0,0,1,0
579,2014,JEEP,COMPASS,SUV - SMALL,2.4,4,A6,11.1,8.3,9.8,29,225,0,0,1,0
580,2014,JEEP,COMPASS,SUV - SMALL,2.4,4,M5,10.3,8.3,9.4,30,216,0,0,1,0
581,2014,JEEP,COMPASS 4X4,SUV - SMALL,2.4,4,A6,11.4,8.7,10.2,28,235,0,0,1,0
582,2014,JEEP,COMPASS 4X4,SUV - SMALL,2.4,4,M5,10.3,8.4,9.4,30,216,0,0,1,0
583,2014,JEEP,COMPASS 4X4 TRAIL RATED,SUV - SMALL,2.4,4,AV,11.7,10.3,11.1,25,255,0,0,1,0
584,2014,JEEP,GRAND CHEROKEE 4X4 (MDS),SUV - STANDARD,5.7,8,A8,17.3,11.7,14.8,19,340,0,0,1,0
585,2014,JEEP,GRAND CHEROKEE 4X4 DIESEL,SUV - STANDARD,3.0,6,A8,11.2,8.4,9.9,29,267,1,0,0,0
586,2014,JEEP,GRAND CHEROKEE 4X4 FFV,SUV - STANDARD,3.6,6,A8,13.9,9.8,12.1,23,278,0,0,1,0
587,2014,JEEP,GRAND CHEROKEE 4X4 FFV,SUV - STANDARD,3.6,6,A8,17.7,13.0,15.6,18,250,0,1,0,0
588,2014,JEEP,GRAND CHEROKEE 4X4 SRT (MDS),SUV - STANDARD,6.4,8,A8,18.5,12.6,15.8,18,363,0,0,0,1
589,2014,JEEP,PATRIOT,SUV - SMALL,2.0,4,A6,11.1,8.3,9.8,29,225,0,0,1,0
590,2014,JEEP,PATRIOT,SUV - SMALL,2.0,4,M5,10.2,7.8,9.1,31,209,0,0,1,0
591,2014,JEEP,PATRIOT,SUV - SMALL,2.4,4,A6,11.1,8.3,9.8,29,225,0,0,1,0
592,2014,JEEP,PATRIOT,SUV - SMALL,2.4,4,M5,10.3,8.3,9.4,30,216,0,0,1,0
593,2014,JEEP,PATRIOT 4X4,SUV - SMALL,2.4,4,A6,11.4,8.7,10.2,28,235,0,0,1,0
594,2014,JEEP,PATRIOT 4X4,SUV - SMALL,2.4,4,M5,10.3,8.4,9.4,30,216,0,0,1,0
595,2014,JEEP,PATRIOT 4X4 TRAIL RATED,SUV - SMALL,2.4,4,AV,11.7,10.3,11.1,25,255,0,0,1,0
596,2014,JEEP,WRANGLER 4X4 (2-DOOR),SUV - SMALL,3.6,6,A5,14.1,11.1,12.8,22,294,0,0,1,0
597,2014,JEEP,WRANGLER 4X4 (2-DOOR),SUV - SMALL,3.6,6,M6,14.2,11.0,12.8,22,294,0,0,1,0
598,2014,JEEP,WRANGLER UNLIMITED 4X4 (4-DOOR),SUV - SMALL,3.6,6,A5,14.8,11.7,13.4,21,308,0,0,1,0
599,2014,JEEP,WRANGLER UNLIMITED 4X4 (4-DOOR),SUV - SMALL,3.6,6,M6,15.0,11.4,13.4,21,308,0,0,1,0
600,2014,KIA,CADENZA,FULL-SIZE,3.3,6,A6,12.7,8.8,10.9,26,251,0,0,1,0
601,2014,KIA,FORTE,MID-SIZE,1.8,4,A6,9.6,6.6,8.3,34,191,0,0,1,0
602,2014,KIA,FORTE,MID-SIZE,1.8,4,M6,9.3,6.4,8.0,35,184,0,0,1,0
603,2014,KIA,FORTE,MID-SIZE,2.0,4,A6,9.8,6.6,8.4,34,193,0,0,1,0
604,2014,KIA,FORTE,MID-SIZE,2.0,4,M6,9.7,6.8,8.4,34,193,0,0,1,0
605,2014,KIA,FORTE 5,FULL-SIZE,1.6,4,A6,11.1,8.0,9.7,29,223,0,0,1,0
606,2014,KIA,FORTE 5,FULL-SIZE,1.6,4,M6,11.1,8.2,9.8,29,225,0,0,1,0
607,2014,KIA,FORTE 5,FULL-SIZE,2.0,4,A6,9.7,6.8,8.4,34,193,0,0,1,0
608,2014,KIA,FORTE 5,FULL-SIZE,2.0,4,M6,9.8,7.0,8.5,33,196,0,0,1,0
609,2014,KIA,FORTE KOUP,COMPACT,1.6,4,A6,10.6,7.9,9.4,30,216,0,0,1,0
610,2014,KIA,FORTE KOUP,COMPACT,1.6,4,M6,10.8,8.1,9.6,29,221,0,0,1,0
611,2014,KIA,FORTE KOUP,COMPACT,2.0,4,A6,9.6,7.0,8.4,34,193,0,0,1,0
612,2014,KIA,FORTE KOUP,COMPACT,2.0,4,M6,9.8,7.2,8.6,33,198,0,0,1,0
613,2014,KIA,OPTIMA,MID-SIZE,2.0,4,A6,11.7,7.6,9.9,29,228,0,0,1,0
614,2014,KIA,OPTIMA,MID-SIZE,2.4,4,A6,10.2,6.8,8.7,32,200,0,0,1,0
615,2014,KIA,RIO,COMPACT,1.6,4,A6,8.7,6.3,7.6,37,175,0,0,1,0
616,2014,KIA,RIO,COMPACT,1.6,4,M6,8.7,6.4,7.7,37,177,0,0,1,0
617,2014,KIA,RIO ECO,COMPACT,1.6,4,A6,8.5,6.4,7.6,37,175,0,0,1,0
618,2014,KIA,RONDO,STATION WAGON - MID-SIZE,2.0,4,A6,10.5,7.5,9.2,31,212,0,0,1,0
619,2014,KIA,RONDO,STATION WAGON - MID-SIZE,2.0,4,M6,10.8,7.4,9.3,30,214,0,0,1,0
620,2014,KIA,SEDONA,MINIVAN,3.5,6,A6,13.7,9.9,12.0,24,276,0,0,1,0
621,2014,KIA,SORENTO,SUV - SMALL,2.4,4,A6,11.8,8.5,10.3,27,237,0,0,1,0
622,2014,KIA,SORENTO,SUV - SMALL,3.3,6,A6,12.9,9.5,11.4,25,262,0,0,1,0
623,2014,KIA,SORENTO 4WD,SUV - SMALL,2.4,4,A6,12.3,9.3,11.0,26,253,0,0,1,0
624,2014,KIA,SORENTO 4WD,SUV - SMALL,3.3,6,A6,13.4,9.9,11.8,24,271,0,0,1,0
625,2014,KIA,SOUL,STATION WAGON - SMALL,1.6,4,A6,9.8,7.9,8.9,32,205,0,0,1,0
626,2014,KIA,SOUL,STATION WAGON - SMALL,1.6,4,M6,9.9,7.8,9.0,31,207,0,0,1,0
627,2014,KIA,SOUL,STATION WAGON - SMALL,2.0,4,A6,10.1,7.8,9.1,31,209,0,0,1,0
628,2014,KIA,SOUL ECO Dynamics,STATION WAGON - SMALL,2.0,4,A6,9.7,7.8,8.8,32,202,0,0,1,0
629,2014,KIA,SPORTAGE,SUV - SMALL,2.4,4,A6,11.4,8.3,10.0,28,230,0,0,1,0
630,2014,KIA,SPORTAGE,SUV - SMALL,2.4,4,M6,12.9,9.3,11.3,25,260,0,0,1,0
631,2014,KIA,SPORTAGE AWD,SUV - SMALL,2.0,4,A6,12.7,9.7,11.4,25,262,0,0,1,0
632,2014,KIA,SPORTAGE AWD,SUV - SMALL,2.4,4,A6,12.0,9.1,10.7,26,246,0,0,1,0
633,2014,LAMBORGHINI,AVENTADOR COUPE,TWO-SEATER,6.5,12,A7,22.8,12.9,18.3,15,421,0,0,0,1
634,2014,LAMBORGHINI,GALLARDO COUPE,TWO-SEATER,5.2,10,A6,18.0,12.8,15.7,18,361,0,0,0,1
635,2014,LAMBORGHINI,GALLARDO COUPE,TWO-SEATER,5.2,10,M6,20.6,13.5,17.4,16,400,0,0,0,1
636,2014,LAND ROVER,LR2,SUV - SMALL,2.0,4,AS6,13.5,9.9,11.9,24,274,0,0,0,1
637,2014,LAND ROVER,LR4,SUV - STANDARD,3.0,6,AS8,16.3,12.4,14.5,19,334,0,0,0,1
638,2014,LAND ROVER,RANGE ROVER EVOQUE,SUV - SMALL,2.0,4,AS9,11.3,7.9,9.8,29,225,0,0,0,1
639,2014,LAND ROVER,RANGE ROVER EVOQUE COUPE,SUV - SMALL,2.0,4,AS9,11.3,7.9,9.8,29,225,0,0,0,1
640,2014,LAND ROVER,RANGE ROVER LWB V8 5.0 SC,SUV - STANDARD,5.0,8,AS8,18.0,12.2,15.4,18,354,0,0,0,1
641,2014,LAND ROVER,RANGE ROVER LWB V8 5.0 SC FFV,SUV - STANDARD,5.0,8,AS8,17.2,12.5,15.1,19,347,0,0,0,1
642,2014,LAND ROVER,RANGE ROVER LWB V8 5.0 SC FFV,SUV - STANDARD,5.0,8,AS8,25.0,16.9,21.4,13,342,0,1,0,0
643,2014,LAND ROVER,RANGE ROVER SPORT V6 3.0 SC,SUV - STANDARD,3.0,6,AS8,14.2,10.2,12.4,23,285,0,0,0,1
644,2014,LAND ROVER,RANGE ROVER SPORT V6 3.0 SC FFV,SUV - STANDARD,3.0,6,AS8,14.2,10.2,12.4,23,285,0,0,0,1
645,2014,LAND ROVER,RANGE ROVER SPORT V6 3.0 SC FFV,SUV - STANDARD,3.0,6,AS8,19.4,14.9,17.4,16,278,0,1,0,0
646,2014,LAND ROVER,RANGE ROVER SPORT V8 5.0 SC,SUV - STANDARD,5.0,8,AS8,17.3,12.2,15.0,19,345,0,0,0,1
647,2014,LAND ROVER,RANGE ROVER SPORT V8 5.0 SC FFV,SUV - STANDARD,5.0,8,AS8,16.6,12.3,14.7,19,338,0,0,0,1
648,2014,LAND ROVER,RANGE ROVER SPORT V8 5.0 SC FFV,SUV - STANDARD,5.0,8,AS8,24.0,16.6,20.7,14,331,0,1,0,0
649,2014,LAND ROVER,RANGE ROVER V6 3.0 SC,SUV - STANDARD,3.0,6,AS8,14.1,10.1,12.3,23,283,0,0,0,1
650,2014,LAND ROVER,RANGE ROVER V6 3.0 SC FFV,SUV - STANDARD,3.0,6,AS8,14.1,10.1,12.3,23,283,0,0,0,1
651,2014,LAND ROVER,RANGE ROVER V6 3.0 SC FFV,SUV - STANDARD,3.0,6,AS8,19.4,14.8,17.3,16,277,0,1,0,0
652,2014,LAND ROVER,RANGE ROVER V8 5.0 SC,SUV - STANDARD,5.0,8,AS8,18.0,12.2,15.4,18,354,0,0,0,1
653,2014,LAND ROVER,RANGE ROVER V8 5.0 SC FFV,SUV - STANDARD,5.0,8,AS8,17.2,12.5,15.1,19,347,0,0,0,1
654,2014,LAND ROVER,RANGE ROVER V8 5.0 SC FFV,SUV - STANDARD,5.0,8,AS8,25.0,16.9,21.4,13,342,0,1,0,0
655,2014,LEXUS,CT 200h,COMPACT,1.8,4,AV,5.5,5.8,5.6,50,129,0,0,1,0
656,2014,LEXUS,ES 300h,MID-SIZE,2.5,4,AV6,5.8,6.2,6.0,47,138,0,0,1,0
657,2014,LEXUS,ES 350,MID-SIZE,3.5,6,AS6,11.3,7.6,9.6,29,221,0,0,1,0
658,2014,LEXUS,GS 350,MID-SIZE,3.5,6,AS8,12.1,8.3,10.4,27,239,0,0,0,1
659,2014,LEXUS,GS 350 AWD,MID-SIZE,3.5,6,AS6,12.5,9.1,11.0,26,253,0,0,0,1
660,2014,LEXUS,GS 450h,MID-SIZE,3.5,6,AV8,7.7,7.4,7.6,37,175,0,0,0,1
661,2014,LEXUS,GX 460,SUV - STANDARD,4.6,8,AS6,15.7,11.8,13.9,20,320,0,0,0,1
662,2014,LEXUS,IS 250,COMPACT,2.5,6,AS6,11.2,7.8,9.7,29,223,0,0,0,1
663,2014,LEXUS,IS 250 AWD,COMPACT,2.5,6,AS6,11.8,8.7,10.4,27,239,0,0,0,1
664,2014,LEXUS,IS 250 C,SUBCOMPACT,2.5,6,AS6,11.2,7.8,9.7,29,223,0,0,0,1
665,2014,LEXUS,IS 350,COMPACT,3.5,6,AS8,12.2,8.7,10.6,27,244,0,0,0,1
666,2014,LEXUS,IS 350 AWD,COMPACT,3.5,6,AS6,12.5,9.1,11.0,26,253,0,0,0,1
667,2014,LEXUS,IS 350 C,SUBCOMPACT,3.5,6,AS6,12.1,8.7,10.6,27,244,0,0,0,1
668,2014,LEXUS,IS F,SUBCOMPACT,5.0,8,AS8,14.6,10.1,12.6,22,290,0,0,0,1
669,2014,LEXUS,LS 460,MID-SIZE,4.6,8,AS8,14.5,9.6,12.3,23,283,0,0,0,1
670,2014,LEXUS,LS 460 AWD,MID-SIZE,4.6,8,AS8,15.1,10.3,12.9,22,297,0,0,0,1
671,2014,LEXUS,LS 460 L AWD,MID-SIZE,4.6,8,AS8,15.1,10.3,12.9,22,297,0,0,0,1
672,2014,LEXUS,LS 600h L,MID-SIZE,5.0,8,AV8,12.0,10.7,11.4,25,262,0,0,0,1
673,2014,LEXUS,LX 570,SUV - STANDARD,5.7,8,AS6,18.8,13.6,16.5,17,380,0,0,0,1
674,2014,LEXUS,RX 350 AWD,SUV - SMALL,3.5,6,AS6,13.3,9.8,11.7,24,269,0,0,1,0
675,2014,LEXUS,RX 350 AWD,SUV - SMALL,3.5,6,AS8,12.7,9.1,11.1,25,255,0,0,1,0
676,2014,LEXUS,RX 450h AWD,SUV - SMALL,3.5,6,AV6,7.9,8.6,8.2,34,189,0,0,0,1
677,2014,LINCOLN,MKS AWD,FULL-SIZE,3.5,6,AS6,13.7,9.4,11.8,24,271,0,0,1,0
678,2014,LINCOLN,MKS AWD,FULL-SIZE,3.7,6,AS6,13.1,9.0,11.3,25,260,0,0,1,0
679,2014,LINCOLN,MKT AWD,SUV - STANDARD,3.5,6,AS6,14.8,10.4,12.8,22,294,0,0,1,0
680,2014,LINCOLN,MKT LIVERY,SPECIAL PURPOSE VEHICLE,2.0,4,AS6,11.5,8.5,10.2,28,235,0,0,1,0
681,2014,LINCOLN,MKT LIVERY AWD,SPECIAL PURPOSE VEHICLE,3.7,6,A6,14.0,9.9,12.2,23,281,0,0,1,0
682,2014,LINCOLN,MKX AWD,SUV - SMALL,3.7,6,AS6,13.7,10.4,12.2,23,281,0,0,1,0
683,2014,LINCOLN,MKZ,MID-SIZE,2.0,4,AS6,10.5,7.1,9.0,31,207,0,0,1,0
684,2014,LINCOLN,MKZ AWD,MID-SIZE,3.7,6,AS6,13.1,9.3,11.4,25,262,0,0,1,0
685,2014,LINCOLN,MKZ HYBRID,MID-SIZE,2.0,4,AV,6.2,6.4,6.3,45,145,0,0,1,0
686,2014,LINCOLN,NAVIGATOR 4X4 FFV,SUV - STANDARD,5.4,8,A6,18.2,13.3,16.0,18,368,0,0,1,0
687,2014,LINCOLN,NAVIGATOR 4X4 FFV,SUV - STANDARD,5.4,8,A6,24.5,18.0,21.6,13,346,0,1,0,0
688,2014,MASERATI,GHIBLI,MID-SIZE,3.0,6,AS8,15.2,9.6,12.7,22,292,0,0,0,1
689,2014,MASERATI,GHIBLI AWD,MID-SIZE,3.0,6,AS8,15.2,9.6,12.7,22,292,0,0,0,1
690,2014,MASERATI,GRANTURISMO,SUBCOMPACT,4.7,8,AS6,18.2,11.4,15.1,19,347,0,0,0,1
691,2014,MASERATI,GRANTURISMO CONVERTIBLE,SUBCOMPACT,4.7,8,AS6,18.2,11.7,15.3,18,352,0,0,0,1
692,2014,MASERATI,QUATTROPORTE GTS,FULL-SIZE,3.8,8,AS8,17.6,10.7,14.5,19,334,0,0,0,1
693,2014,MASERATI,QUATTROPORTE SQ4,FULL-SIZE,3.0,6,AS8,15.9,9.7,13.1,22,301,0,0,0,1
694,2014,MAZDA,CX-5,SUV - SMALL,2.0,4,AS6,8.9,7.3,8.2,34,189,0,0,1,0
695,2014,MAZDA,CX-5,SUV - SMALL,2.0,4,M6,9.0,6.8,8.0,35,184,0,0,1,0
696,2014,MAZDA,CX-5,SUV - SMALL,2.5,4,AS6,9.6,7.4,8.6,33,198,0,0,1,0
697,2014,MAZDA,CX-5 4WD,SUV - SMALL,2.0,4,AS6,9.3,7.6,8.5,33,196,0,0,1,0
698,2014,MAZDA,CX-5 4WD,SUV - SMALL,2.5,4,AS6,9.8,7.9,8.9,32,205,0,0,1,0
699,2014,MAZDA,CX-9,SUV - SMALL,3.7,6,AS6,14.2,10.0,12.3,23,283,0,0,1,0
700,2014,MAZDA,CX-9 4WD,SUV - SMALL,3.7,6,AS6,14.3,10.6,12.6,22,290,0,0,1,0
701,2014,MAZDA,MAZDA2,COMPACT,1.5,4,A4,8.4,6.9,7.7,37,177,0,0,1,0
702,2014,MAZDA,MAZDA2,COMPACT,1.5,4,M5,8.0,6.7,7.4,38,170,0,0,1,0
703,2014,MAZDA,MAZDA3 4-DOOR,COMPACT,2.0,4,AS6,7.9,5.7,6.9,41,159,0,0,1,0
704,2014,MAZDA,MAZDA3 4-DOOR,COMPACT,2.0,4,M6,8.0,5.8,7.0,40,161,0,0,1,0
705,2014,MAZDA,MAZDA3 4-DOOR,COMPACT,2.5,4,AS6,8.4,6.1,7.4,38,170,0,0,1,0
706,2014,MAZDA,MAZDA3 4-DOOR (i-ELOOP),COMPACT,2.5,4,AS6,8.3,6.1,7.3,39,168,0,0,1,0
707,2014,MAZDA,MAZDA3 4-DOOR (SIL),COMPACT,2.0,4,M6,8.0,5.8,7.0,40,161,0,0,1,0
708,2014,MAZDA,MAZDA3 5-DOOR,MID-SIZE,2.0,4,AS6,8.0,5.9,7.1,40,163,0,0,1,0
709,2014,MAZDA,MAZDA3 5-DOOR,MID-SIZE,2.0,4,M6,8.2,5.9,7.2,39,166,0,0,1,0
710,2014,MAZDA,MAZDA3 5-DOOR,MID-SIZE,2.5,4,AS6,8.7,6.5,7.7,37,177,0,0,1,0
711,2014,MAZDA,MAZDA3 5-DOOR (i-ELOOP),MID-SIZE,2.5,4,AS6,8.2,6.1,7.3,39,168,0,0,1,0
712,2014,MAZDA,MAZDA3 5-DOOR (SIL),MID-SIZE,2.0,4,M6,8.2,5.9,7.2,39,166,0,0,1,0
713,2014,MAZDA,MAZDA5,MINIVAN,2.5,4,AS5,10.8,8.4,9.7,29,223,0,0,1,0
714,2014,MAZDA,MAZDA5,MINIVAN,2.5,4,M6,11.1,8.3,9.8,29,225,0,0,1,0
715,2014,MAZDA,MAZDA6,MID-SIZE,2.5,4,AS6,8.8,6.2,7.6,37,175,0,0,1,0
716,2014,MAZDA,MAZDA6,MID-SIZE,2.5,4,M6,9.4,6.4,8.1,35,186,0,0,1,0
717,2014,MAZDA,MAZDA6 (i-ELOOP),MID-SIZE,2.5,4,AS6,8.4,5.9,7.3,39,168,0,0,1,0
718,2014,MAZDA,MX-5,TWO-SEATER,2.0,4,AS6,11.5,8.5,10.2,28,235,0,0,0,1
719,2014,MAZDA,MX-5,TWO-SEATER,2.0,4,M5,10.5,8.5,9.6,29,221,0,0,0,1
720,2014,MAZDA,MX-5,TWO-SEATER,2.0,4,M6,11.1,8.4,9.9,29,228,0,0,0,1
721,2014,MERCEDES-BENZ,B 250,STATION WAGON - SMALL,2.0,4,AS7,9.2,6.6,8.0,35,184,0,0,0,1
722,2014,MERCEDES-BENZ,C 250,COMPACT,1.8,4,AS7,10.9,7.5,9.4,30,216,0,0,0,1
723,2014,MERCEDES-BENZ,C 250 COUPE,SUBCOMPACT,1.8,4,AS7,11.0,7.4,9.4,30,216,0,0,0,1
724,2014,MERCEDES-BENZ,C 300 4MATIC FFV,COMPACT,3.5,6,AS7,12.2,8.5,10.5,27,242,0,0,0,1
725,2014,MERCEDES-BENZ,C 300 4MATIC FFV,COMPACT,3.5,6,AS7,16.4,11.1,14.0,20,224,0,1,0,0
726,2014,MERCEDES-BENZ,C 350,COMPACT,3.5,6,AS7,12.0,8.6,10.5,27,242,0,0,0,1
727,2014,MERCEDES-BENZ,C 350 4MATIC,COMPACT,3.5,6,AS7,11.9,8.6,10.4,27,239,0,0,0,1
728,2014,MERCEDES-BENZ,C 350 4MATIC COUPE,SUBCOMPACT,3.5,6,AS7,12.1,8.7,10.6,27,244,0,0,0,1
729,2014,MERCEDES-BENZ,C 350 COUPE,SUBCOMPACT,3.5,6,AS7,12.1,8.6,10.5,27,242,0,0,0,1
730,2014,MERCEDES-BENZ,C 63 AMG,COMPACT,6.2,8,AS7,17.7,11.9,15.1,19,347,0,0,0,1
731,2014,MERCEDES-BENZ,C 63 AMG COUPE,SUBCOMPACT,6.2,8,AS7,17.9,12.2,15.3,18,352,0,0,0,1
732,2014,MERCEDES-BENZ,CL 550 4MATIC,COMPACT,4.7,8,AS7,15.4,10.4,13.2,21,304,0,0,0,1
733,2014,MERCEDES-BENZ,CL 63 AMG,COMPACT,5.5,8,AS7,15.4,11.0,13.4,21,308,0,0,0,1
734,2014,MERCEDES-BENZ,CLA 250,COMPACT,2.0,4,AS7,9.1,6.2,7.8,36,179,0,0,0,1
735,2014,MERCEDES-BENZ,CLA 45 AMG 4MATIC,COMPACT,2.0,4,AS7,10.3,7.8,9.2,31,212,0,0,0,1
736,2014,MERCEDES-BENZ,CLS 550 4MATIC,COMPACT,4.7,8,AS7,13.3,9.4,11.5,25,264,0,0,0,1
737,2014,MERCEDES-BENZ,CLS 63 AMG 4MATIC,COMPACT,5.5,8,AS7,15.1,10.7,13.1,22,301,0,0,0,1
738,2014,MERCEDES-BENZ,CLS 63 AMG S 4MATIC,COMPACT,5.5,8,AS7,15.1,10.7,13.1,22,301,0,0,0,1
739,2014,MERCEDES-BENZ,E 250 BLUETEC 4MATIC,MID-SIZE,2.1,4,AS7,8.5,5.7,7.2,39,194,1,0,0,0
740,2014,MERCEDES-BENZ,E 300 4MATIC,MID-SIZE,3.5,6,AS7,11.8,8.2,10.2,28,235,0,0,0,1
741,2014,MERCEDES-BENZ,E 350 4MATIC,MID-SIZE,3.5,6,AS7,11.6,8.1,10.0,28,230,0,0,0,1
742,2014,MERCEDES-BENZ,E 350 4MATIC COUPE,SUBCOMPACT,3.5,6,AS7,11.9,8.5,10.4,27,239,0,0,0,1
743,2014,MERCEDES-BENZ,E 350 4MATIC WAGON,STATION WAGON - MID-SIZE,3.5,6,AS7,12.1,8.6,10.5,27,242,0,0,0,1
744,2014,MERCEDES-BENZ,E 350 CABRIOLET,SUBCOMPACT,3.5,6,AS7,12.0,8.5,10.4,27,239,0,0,0,1
745,2014,MERCEDES-BENZ,E 350 COUPE,SUBCOMPACT,3.5,6,AS7,11.9,8.2,10.2,28,235,0,0,0,1
746,2014,MERCEDES-BENZ,E 400 HYBRID,MID-SIZE,3.5,6,AS7,9.6,7.9,8.8,32,202,0,0,0,1
747,2014,MERCEDES-BENZ,E 550 4MATIC,MID-SIZE,4.7,8,AS7,13.6,9.1,11.6,24,267,0,0,0,1
748,2014,MERCEDES-BENZ,E 550 CABRIOLET,SUBCOMPACT,4.7,8,AS7,13.7,9.3,11.7,24,269,0,0,0,1
749,2014,MERCEDES-BENZ,E 550 COUPE,SUBCOMPACT,4.7,8,AS7,13.4,8.9,11.4,25,262,0,0,0,1
750,2014,MERCEDES-BENZ,E 63 AMG 4MATIC,MID-SIZE,5.5,8,AS7,15.0,10.3,12.9,22,297,0,0,0,1
751,2014,MERCEDES-BENZ,E 63 AMG 4MATIC WAGON,STATION WAGON - MID-SIZE,5.5,8,AS7,15.5,11.0,13.5,21,310,0,0,0,1
752,2014,MERCEDES-BENZ,E 63 AMG S 4MATIC,MID-SIZE,5.5,8,AS7,15.0,10.3,12.9,22,297,0,0,0,1
753,2014,MERCEDES-BENZ,E 63 AMG S 4MATIC WAGON,STATION WAGON - MID-SIZE,5.5,8,AS7,15.5,11.0,13.5,21,310,0,0,0,1
754,2014,MERCEDES-BENZ,G 550,SUV - STANDARD,5.5,8,AS7,20.0,15.9,18.2,16,419,0,0,0,1
755,2014,MERCEDES-BENZ,G 63 AMG,SUV - STANDARD,5.5,8,AS7,19.4,15.7,17.7,16,407,0,0,0,1
756,2014,MERCEDES-BENZ,GL 350 BLUETEC 4MATIC,SUV - STANDARD,3.0,6,AS7,13.4,10.2,12.0,24,324,1,0,0,0
757,2014,MERCEDES-BENZ,GL 450 4MATIC,SUV - STANDARD,4.7,8,AS7,17.1,12.8,15.2,19,350,0,0,0,1
758,2014,MERCEDES-BENZ,GL 550 4MATIC,SUV - STANDARD,4.7,8,AS7,17.6,13.1,15.6,18,359,0,0,0,1
759,2014,MERCEDES-BENZ,GL 63 AMG,SUV - STANDARD,5.5,8,AS7,17.7,13.4,15.8,18,363,0,0,0,1
760,2014,MERCEDES-BENZ,GLK 250 BLUETEC 4MATIC,SUV - SMALL,2.1,4,AS7,9.6,7.1,8.5,33,230,1,0,0,0
761,2014,MERCEDES-BENZ,GLK 350 4MATIC,SUV - SMALL,3.5,6,AS7,12.6,9.6,11.3,25,260,0,0,0,1
762,2014,MERCEDES-BENZ,ML 350 4MATIC FFV,SUV - STANDARD,3.5,6,AS7,13.4,10.5,12.1,23,278,0,0,0,1
763,2014,MERCEDES-BENZ,ML 350 4MATIC FFV,SUV - STANDARD,3.5,6,AS7,17.8,13.8,16.0,18,256,0,1,0,0
764,2014,MERCEDES-BENZ,ML 350 BLUETEC 4MATIC,SUV - STANDARD,3.0,6,AS7,11.8,8.5,10.3,27,278,1,0,0,0
765,2014,MERCEDES-BENZ,ML 550 4MATIC,SUV - STANDARD,4.7,8,AS7,16.2,11.8,14.2,20,327,0,0,0,1
766,2014,MERCEDES-BENZ,ML 63 AMG 4MATIC,SUV - STANDARD,5.5,8,AS7,17.2,13.5,15.5,18,356,0,0,0,1
767,2014,MERCEDES-BENZ,S 550 4MATIC LWB,FULL-SIZE,4.7,8,AS7,14.3,9.5,12.1,23,278,0,0,0,1
768,2014,MERCEDES-BENZ,S 550 4MATIC SWB,FULL-SIZE,4.7,8,AS7,14.2,9.4,12.0,24,276,0,0,0,1
769,2014,MERCEDES-BENZ,S 63 AMG 4MATIC,FULL-SIZE,5.5,8,AS7,15.6,10.3,13.2,21,304,0,0,0,1
770,2014,MERCEDES-BENZ,SL 550,TWO-SEATER,4.7,8,AS7,13.4,9.6,11.7,24,269,0,0,0,1
771,2014,MERCEDES-BENZ,SL 63 AMG,TWO-SEATER,5.5,8,AS7,14.8,10.2,12.7,22,292,0,0,0,1
772,2014,MERCEDES-BENZ,SL 65 AMG,TWO-SEATER,6.0,8,AS7,16.7,11.2,14.2,20,327,0,0,0,1
773,2014,MERCEDES-BENZ,SLK 250,TWO-SEATER,1.8,4,AS7,10.3,7.2,8.9,32,205,0,0,0,1
774,2014,MERCEDES-BENZ,SLK 250,TWO-SEATER,1.8,4,M6,10.4,7.3,9.0,31,207,0,0,0,1
775,2014,MERCEDES-BENZ,SLK 350,TWO-SEATER,3.5,6,AS7,11.1,8.1,9.8,29,225,0,0,0,1
776,2014,MERCEDES-BENZ,SLK 55 AMG,TWO-SEATER,5.5,8,AS7,12.3,8.7,10.7,26,246,0,0,0,1
777,2014,MERCEDES-BENZ,SLS AMG BLACK SERIES COUPE,TWO-SEATER,6.2,8,AS7,18.7,13.9,16.5,17,380,0,0,0,1
778,2014,MERCEDES-BENZ,SLS AMG GT COUPE,TWO-SEATER,6.2,8,AS7,18.2,12.6,15.7,18,361,0,0,0,1
779,2014,MERCEDES-BENZ,SLS AMG ROADSTER,TWO-SEATER,6.2,8,AS7,18.2,12.6,15.7,18,361,0,0,0,1
780,2014,MINI,COOPER CLUBMAN,SUBCOMPACT,1.6,4,A6,8.7,6.6,7.8,36,179,0,0,0,1
781,2014,MINI,COOPER CLUBMAN,SUBCOMPACT,1.6,4,M6,8.6,6.8,7.8,36,179,0,0,0,1
782,2014,MINI,COOPER CONVERTIBLE,MINICOMPACT,1.6,4,A6,8.7,6.6,7.8,36,179,0,0,0,1
783,2014,MINI,COOPER CONVERTIBLE,MINICOMPACT,1.6,4,M6,8.6,6.8,7.8,36,179,0,0,0,1
784,2014,MINI,COOPER COUNTRYMAN,COMPACT,1.6,4,A6,9.4,7.9,8.7,32,200,0,0,0,1
785,2014,MINI,COOPER COUNTRYMAN,COMPACT,1.6,4,M6,8.6,6.8,7.8,36,179,0,0,0,1
786,2014,MINI,COOPER COUPE,TWO-SEATER,1.6,4,A6,8.5,6.6,7.6,37,175,0,0,0,1
787,2014,MINI,COOPER COUPE,TWO-SEATER,1.6,4,M6,8.0,6.4,7.3,39,168,0,0,0,1
788,2014,MINI,COOPER PACEMAN,COMPACT,1.6,4,A6,9.4,7.9,8.7,32,200,0,0,0,1
789,2014,MINI,COOPER PACEMAN,COMPACT,1.6,4,M6,8.6,6.8,7.8,36,179,0,0,0,1
790,2014,MINI,COOPER ROADSTER,TWO-SEATER,1.6,4,A6,8.7,6.6,7.8,36,179,0,0,0,1
791,2014,MINI,COOPER ROADSTER,TWO-SEATER,1.6,4,M6,8.6,6.8,7.8,36,179,0,0,0,1
792,2014,MINI,COOPER S CLUBMAN,SUBCOMPACT,1.6,4,A6,9.3,7.0,8.3,34,191,0,0,0,1
793,2014,MINI,COOPER S CLUBMAN,SUBCOMPACT,1.6,4,M6,9.1,6.7,8.0,35,184,0,0,0,1
794,2014,MINI,COOPER S CONVERTIBLE,MINICOMPACT,1.6,4,A6,9.3,7.0,8.3,34,191,0,0,0,1
795,2014,MINI,COOPER S CONVERTIBLE,MINICOMPACT,1.6,4,M6,9.1,6.7,8.0,35,184,0,0,0,1
796,2014,MINI,COOPER S COUNTRYMAN ALL4,COMPACT,1.6,4,A6,10.0,7.8,9.0,31,207,0,0,0,1
797,2014,MINI,COOPER S COUNTRYMAN ALL4,COMPACT,1.6,4,M6,9.3,7.5,8.5,33,196,0,0,0,1
798,2014,MINI,COOPER S COUPE,TWO-SEATER,1.6,4,A6,9.3,7.0,8.3,34,191,0,0,0,1
799,2014,MINI,COOPER S COUPE,TWO-SEATER,1.6,4,M6,9.1,6.7,8.0,35,184,0,0,0,1
800,2014,MINI,COOPER S PACEMAN ALL4,COMPACT,1.6,4,A6,10.0,7.8,9.0,31,207,0,0,0,1
801,2014,MINI,COOPER S PACEMAN ALL4,COMPACT,1.6,4,M6,9.3,7.5,8.5,33,196,0,0,0,1
802,2014,MINI,COOPER S ROADSTER,TWO-SEATER,1.6,4,A6,9.3,7.0,8.3,34,191,0,0,0,1
803,2014,MINI,COOPER S ROADSTER,TWO-SEATER,1.6,4,M6,9.1,6.7,8.0,35,184,0,0,0,1
804,2014,MINI,JOHN COOPER WORKS CLUBMAN,SUBCOMPACT,1.6,4,A6,9.3,7.0,8.3,34,191,0,0,0,1
805,2014,MINI,JOHN COOPER WORKS CLUBMAN,SUBCOMPACT,1.6,4,M6,9.1,6.7,8.0,35,184,0,0,0,1
806,2014,MINI,JOHN COOPER WORKS CONVERTIBLE,MINICOMPACT,1.6,4,A6,9.3,7.0,8.3,34,191,0,0,0,1
807,2014,MINI,JOHN COOPER WORKS CONVERTIBLE,MINICOMPACT,1.6,4,M6,9.1,6.7,8.0,35,184,0,0,0,1
808,2014,MINI,JOHN COOPER WORKS COUNTRYMAN ALL4,COMPACT,1.6,4,A6,10.0,7.8,9.0,31,207,0,0,0,1
809,2014,MINI,JOHN COOPER WORKS COUNTRYMAN ALL4,COMPACT,1.6,4,M6,9.3,7.5,8.5,33,196,0,0,0,1
810,2014,MINI,JOHN COOPER WORKS COUPE,TWO-SEATER,1.6,4,A6,9.3,7.0,8.3,34,191,0,0,0,1
811,2014,MINI,JOHN COOPER WORKS COUPE,TWO-SEATER,1.6,4,M6,9.1,6.7,8.0,35,184,0,0,0,1
812,2014,MINI,JOHN COOPER WORKS PACEMAN ALL4,COMPACT,1.6,4,A6,10.0,7.8,9.0,31,207,0,0,0,1
813,2014,MINI,JOHN COOPER WORKS PACEMAN ALL4,COMPACT,1.6,4,M6,9.3,7.5,8.5,33,196,0,0,0,1
814,2014,MINI,JOHN COOPER WORKS ROADSTER,TWO-SEATER,1.6,4,A6,9.3,7.0,8.3,34,191,0,0,0,1
815,2014,MINI,JOHN COOPER WORKS ROADSTER,TWO-SEATER,1.6,4,M6,9.1,6.7,8.0,35,184,0,0,0,1
816,2014,MITSUBISHI,LANCER,COMPACT,2.0,4,AV6,9.2,7.0,8.2,34,189,0,0,1,0
817,2014,MITSUBISHI,LANCER,COMPACT,2.0,4,M5,9.6,6.8,8.3,34,191,0,0,1,0
818,2014,MITSUBISHI,LANCER AWD,COMPACT,2.4,4,AV6,10.5,8.2,9.5,30,218,0,0,1,0
819,2014,MITSUBISHI,LANCER EVOLUTION,COMPACT,2.0,4,AM6,14.2,10.5,12.5,23,288,0,0,0,1
820,2014,MITSUBISHI,LANCER EVOLUTION,COMPACT,2.0,4,M5,14.0,10.3,12.3,23,283,0,0,0,1
821,2014,MITSUBISHI,LANCER RALLIART,COMPACT,2.0,4,AM6,13.4,9.4,11.6,24,267,0,0,0,1
822,2014,MITSUBISHI,LANCER SPORTBACK,STATION WAGON - SMALL,2.0,4,AV6,9.6,7.3,8.6,33,198,0,0,1,0
823,2014,MITSUBISHI,LANCER SPORTBACK,STATION WAGON - SMALL,2.0,4,M5,9.8,7.1,8.6,33,198,0,0,1,0
824,2014,MITSUBISHI,MIRAGE,COMPACT,1.2,3,AV,6.4,5.4,6.0,47,138,0,0,1,0
825,2014,MITSUBISHI,MIRAGE,COMPACT,1.2,3,M5,7.0,5.6,6.4,44,147,0,0,1,0
826,2014,MITSUBISHI,OUTLANDER,SUV - SMALL,2.4,4,AV6,9.5,7.5,8.6,33,198,0,0,1,0
827,2014,MITSUBISHI,OUTLANDER 4WD,SUV - SMALL,2.4,4,AV6,9.9,8.1,9.1,31,209,0,0,1,0
828,2014,MITSUBISHI,OUTLANDER 4WD,SUV - SMALL,3.0,6,AS6,11.5,8.5,10.2,28,235,0,0,0,1
829,2014,MITSUBISHI,RVR,SUV - SMALL,2.0,4,AV6,9.6,7.6,8.7,32,200,0,0,1,0
830,2014,MITSUBISHI,RVR,SUV - SMALL,2.0,4,M5,9.9,7.5,8.8,32,202,0,0,1,0
831,2014,MITSUBISHI,RVR 4WD,SUV - SMALL,2.0,4,AV6,9.8,8.0,9.0,31,207,0,0,1,0
832,2014,NISSAN,370Z,TWO-SEATER,3.7,6,AS7,12.6,9.1,11.0,26,253,0,0,0,1
833,2014,NISSAN,370Z,TWO-SEATER,3.7,6,M6,13.3,9.3,11.5,25,264,0,0,0,1
834,2014,NISSAN,370Z ROADSTER,TWO-SEATER,3.7,6,AS7,13.0,9.5,11.4,25,262,0,0,0,1
835,2014,NISSAN,370Z ROADSTER,TWO-SEATER,3.7,6,M6,13.5,9.6,11.7,24,269,0,0,0,1
836,2014,NISSAN,ALTIMA,MID-SIZE,2.5,4,AV,8.7,6.2,7.6,37,175,0,0,1,0
837,2014,NISSAN,ALTIMA,MID-SIZE,3.5,6,AV,10.8,7.4,9.3,30,214,0,0,1,0
838,2014,NISSAN,ARMADA 4WD,SUV - STANDARD,5.6,8,A5,19.1,13.4,16.5,17,380,0,0,1,0
839,2014,NISSAN,FRONTIER,PICKUP TRUCK - SMALL,2.5,4,A5,13.7,10.6,12.3,23,283,0,0,1,0
840,2014,NISSAN,FRONTIER,PICKUP TRUCK - SMALL,2.5,4,M5,12.2,10.2,11.3,25,260,0,0,1,0
841,2014,NISSAN,FRONTIER,PICKUP TRUCK - SMALL,4.0,6,A5,14.7,10.2,12.7,22,292,0,0,1,0
842,2014,NISSAN,FRONTIER 4WD,PICKUP TRUCK - SMALL,4.0,6,A5,15.7,11.2,13.7,21,315,0,0,1,0
843,2014,NISSAN,FRONTIER 4WD,PICKUP TRUCK - SMALL,4.0,6,M6,14.8,11.0,13.1,22,301,0,0,1,0
844,2014,NISSAN,GT-R,SUBCOMPACT,3.8,6,AM6,14.5,10.9,12.9,22,297,0,0,0,1
845,2014,NISSAN,JUKE,STATION WAGON - SMALL,1.6,4,AV,8.7,7.3,8.1,35,186,0,0,0,1
846,2014,NISSAN,JUKE,STATION WAGON - SMALL,1.6,4,M6,9.5,7.6,8.6,33,198,0,0,0,1
847,2014,NISSAN,JUKE AWD,STATION WAGON - SMALL,1.6,4,AV,9.3,7.9,8.7,32,200,0,0,0,1
848,2014,NISSAN,MAXIMA,MID-SIZE,3.5,6,AV,12.3,9.1,10.9,26,251,0,0,0,1
849,2014,NISSAN,MURANO AWD,SUV - SMALL,3.5,6,AV,13.2,10.1,11.8,24,271,0,0,1,0
850,2014,NISSAN,NV200 CARGO VAN,SPECIAL PURPOSE VEHICLE,2.0,4,AV,10.0,8.5,9.3,30,214,0,0,1,0
851,2014,NISSAN,PATHFINDER,SUV - SMALL,3.5,6,AV,12.0,8.9,10.6,27,244,0,0,1,0
852,2014,NISSAN,PATHFINDER 4WD,SUV - SMALL,3.5,6,AV,12.3,9.3,11.0,26,253,0,0,1,0
853,2014,NISSAN,PATHFINDER HYBRID 4WD,SUV - STANDARD,2.5,4,AV,9.1,8.5,8.8,32,202,0,0,1,0
854,2014,NISSAN,QUEST,MINIVAN,3.5,6,AV,12.5,9.5,11.1,25,255,0,0,1,0
855,2014,NISSAN,ROGUE,SUV - SMALL,2.5,4,AV,9.2,7.2,8.3,34,191,0,0,1,0
856,2014,NISSAN,ROGUE AWD,SUV - SMALL,2.5,4,AV,9.5,7.4,8.6,33,198,0,0,1,0
857,2014,NISSAN,SENTRA,MID-SIZE,1.8,4,AV,7.8,6.0,7.0,40,161,0,0,1,0
858,2014,NISSAN,SENTRA,MID-SIZE,1.8,4,M6,8.7,6.6,7.8,36,179,0,0,1,0
859,2014,NISSAN,TITAN,PICKUP TRUCK - STANDARD,5.6,8,A5,17.9,12.8,15.6,18,359,0,0,1,0
860,2014,NISSAN,TITAN 4WD,PICKUP TRUCK - STANDARD,5.6,8,A5,19.7,14.3,17.3,16,398,0,0,1,0
861,2014,NISSAN,VERSA,COMPACT,1.6,4,AV,7.2,5.8,6.6,43,152,0,0,1,0
862,2014,NISSAN,VERSA,COMPACT,1.6,4,M5,8.6,6.5,7.7,37,177,0,0,1,0
863,2014,NISSAN,XTERRA 4WD,SUV - SMALL,4.0,6,A5,16.1,11.9,14.2,20,327,0,0,1,0
864,2014,NISSAN,XTERRA 4WD,SUV - SMALL,4.0,6,M6,15.2,11.9,13.7,21,315,0,0,1,0
865,2014,PORSCHE,911 CARRERA,MINICOMPACT,3.4,6,AM7,11.6,8.3,10.1,28,232,0,0,0,1
866,2014,PORSCHE,911 CARRERA,MINICOMPACT,3.4,6,M7,12.5,8.6,10.7,26,246,0,0,0,1
867,2014,PORSCHE,911 CARRERA 4,MINICOMPACT,3.4,6,AM7,11.8,8.5,10.3,27,237,0,0,0,1
868,2014,PORSCHE,911 CARRERA 4,MINICOMPACT,3.4,6,M7,12.4,8.6,10.7,26,246,0,0,0,1
869,2014,PORSCHE,911 CARRERA 4 CABRIOLET,MINICOMPACT,3.4,6,AM7,12.0,8.7,10.5,27,242,0,0,0,1
870,2014,PORSCHE,911 CARRERA 4 CABRIOLET,MINICOMPACT,3.4,6,M7,12.6,9.0,11.0,26,253,0,0,0,1
871,2014,PORSCHE,911 CARRERA 4S,MINICOMPACT,3.8,6,AM7,12.3,8.9,10.8,26,248,0,0,0,1
872,2014,PORSCHE,911 CARRERA 4S,MINICOMPACT,3.8,6,M7,12.8,8.9,11.0,26,253,0,0,0,1
873,2014,PORSCHE,911 CARRERA 4S CABRIOLET,MINICOMPACT,3.8,6,AM7,12.7,9.0,11.0,26,253,0,0,0,1
874,2014,PORSCHE,911 CARRERA 4S CABRIOLET,MINICOMPACT,3.8,6,M7,12.9,9.1,11.2,25,258,0,0,0,1
875,2014,PORSCHE,911 CARRERA CABRIOLET,MINICOMPACT,3.4,6,AM7,11.6,8.3,10.1,28,232,0,0,0,1
876,2014,PORSCHE,911 CARRERA CABRIOLET,MINICOMPACT,3.4,6,M7,12.4,8.6,10.7,26,246,0,0,0,1
877,2014,PORSCHE,911 CARRERA S,MINICOMPACT,3.8,6,AM7,12.1,8.7,10.6,27,244,0,0,0,1
878,2014,PORSCHE,911 CARRERA S,MINICOMPACT,3.8,6,M7,12.6,8.6,10.8,26,248,0,0,0,1
879,2014,PORSCHE,911 CARRERA S CABRIOLET,MINICOMPACT,3.8,6,AM7,12.4,8.7,10.7,26,246,0,0,0,1
880,2014,PORSCHE,911 CARRERA S CABRIOLET,MINICOMPACT,3.8,6,M7,12.6,8.8,10.9,26,251,0,0,0,1
881,2014,PORSCHE,911 GT3,TWO-SEATER,3.8,6,AM7,16.0,11.5,14.0,20,322,0,0,0,1
882,2014,PORSCHE,911 TURBO,MINICOMPACT,3.8,6,AM7,13.7,9.6,11.9,24,274,0,0,0,1
883,2014,PORSCHE,911 TURBO CABRIOLET,MINICOMPACT,3.8,6,AM7,13.7,9.6,11.9,24,274,0,0,0,1
884,2014,PORSCHE,911 TURBO S,MINICOMPACT,3.8,6,AM7,13.7,9.6,11.9,24,274,0,0,0,1
885,2014,PORSCHE,911 TURBO S CABRIOLET,MINICOMPACT,3.8,6,AM7,13.7,9.6,11.9,24,274,0,0,0,1
886,2014,PORSCHE,BOXSTER,TWO-SEATER,2.7,6,AM7,10.7,7.4,9.2,31,212,0,0,0,1
887,2014,PORSCHE,BOXSTER,TWO-SEATER,2.7,6,M6,11.5,7.9,9.9,29,228,0,0,0,1
888,2014,PORSCHE,BOXSTER S,TWO-SEATER,3.4,6,AM7,11.3,7.9,9.8,29,225,0,0,0,1
889,2014,PORSCHE,BOXSTER S,TWO-SEATER,3.4,6,M6,11.9,8.6,10.4,27,239,0,0,0,1
890,2014,PORSCHE,CAYENNE,SUV - STANDARD,3.6,6,A8,13.6,10.1,12.0,24,276,0,0,0,1
891,2014,PORSCHE,CAYENNE,SUV - STANDARD,3.6,6,M6,15.8,10.9,13.6,21,313,0,0,0,1
892,2014,PORSCHE,CAYENNE DIESEL,SUV - STANDARD,3.0,6,A8,12.2,8.1,10.4,27,281,1,0,0,0
893,2014,PORSCHE,CAYENNE GTS,SUV - STANDARD,4.8,8,A8,15.9,11.4,13.9,20,320,0,0,0,1
894,2014,PORSCHE,CAYENNE S,SUV - STANDARD,4.8,8,A8,15.0,10.6,13.0,22,299,0,0,0,1
895,2014,PORSCHE,CAYENNE S HYBRID,SUV - STANDARD,3.0,6,A8,11.8,9.9,10.9,26,251,0,0,0,1
896,2014,PORSCHE,CAYENNE TURBO,SUV - STANDARD,4.8,8,A8,15.9,10.9,13.7,21,315,0,0,0,1
897,2014,PORSCHE,CAYMAN,TWO-SEATER,2.7,6,AM7,10.7,7.4,9.2,31,212,0,0,0,1
898,2014,PORSCHE,CAYMAN,TWO-SEATER,2.7,6,M6,11.5,7.9,9.9,29,228,0,0,0,1
899,2014,PORSCHE,CAYMAN S,TWO-SEATER,3.4,6,AM7,11.3,7.9,9.8,29,225,0,0,0,1
900,2014,PORSCHE,CAYMAN S,TWO-SEATER,3.4,6,M6,11.9,8.6,10.4,27,239,0,0,0,1
901,2014,PORSCHE,PANAMERA,FULL-SIZE,3.6,6,AM7,12.9,8.4,10.9,26,251,0,0,0,1
902,2014,PORSCHE,PANAMERA 4,FULL-SIZE,3.6,6,AM7,13.1,8.7,11.1,25,255,0,0,0,1
903,2014,PORSCHE,PANAMERA 4S,FULL-SIZE,3.0,6,AM7,13.4,8.8,11.3,25,260,0,0,0,1
904,2014,PORSCHE,PANAMERA 4S EXECUTIVE,FULL-SIZE,3.0,6,AM7,13.7,8.9,11.5,25,264,0,0,0,1
905,2014,PORSCHE,PANAMERA GTS,FULL-SIZE,4.8,8,AM7,15.1,9.7,12.7,22,292,0,0,0,1
906,2014,PORSCHE,PANAMERA S,FULL-SIZE,3.0,6,AM7,13.4,8.8,11.3,25,260,0,0,0,1
907,2014,PORSCHE,PANAMERA TURBO,FULL-SIZE,4.8,8,AM7,15.3,9.7,12.8,22,294,0,0,0,1
908,2014,PORSCHE,PANAMERA TURBO EXECUTIVE,FULL-SIZE,4.8,8,AM7,15.4,9.8,12.9,22,297,0,0,0,1
909,2014,RAM,1500 (MDS),PICKUP TRUCK - STANDARD,5.7,8,A6,17.1,12.0,14.8,19,340,0,0,1,0
910,2014,RAM,1500 (MDS),PICKUP TRUCK - STANDARD,5.7,8,A8,15.8,10.9,13.6,21,313,0,0,1,0
911,2014,RAM,1500 4X4 (MDS),PICKUP TRUCK - STANDARD,5.7,8,A6,17.6,12.7,15.4,18,354,0,0,1,0
912,2014,RAM,1500 4X4 (MDS),PICKUP TRUCK - STANDARD,5.7,8,A8,16.3,11.5,14.1,20,324,0,0,1,0
913,2014,RAM,1500 4X4 DIESEL,PICKUP TRUCK - STANDARD,3.0,6,A8,12.1,8.8,10.6,27,286,1,0,0,0
914,2014,RAM,1500 4X4 FFV,PICKUP TRUCK - STANDARD,3.6,6,A8,14.6,10.1,12.6,22,290,0,0,1,0
915,2014,RAM,1500 4X4 FFV,PICKUP TRUCK - STANDARD,3.6,6,A8,20.5,14.5,17.8,16,285,0,1,0,0
916,2014,RAM,1500 DIESEL,PICKUP TRUCK - STANDARD,3.0,6,A8,11.6,8.4,10.2,28,275,1,0,0,0
917,2014,RAM,1500 FFV,PICKUP TRUCK - STANDARD,3.6,6,A8,13.9,9.5,11.9,24,274,0,0,1,0
918,2014,RAM,1500 FFV,PICKUP TRUCK - STANDARD,3.6,6,A8,19.4,13.6,16.8,17,269,0,1,0,0
919,2014,RAM,1500 HFE,PICKUP TRUCK - STANDARD,3.6,6,A8,12.9,9.3,11.3,25,260,0,0,1,0
920,2014,RAM,CARGO VAN FFV,MINIVAN,3.6,6,A6,13.3,9.1,11.4,25,262,0,0,1,0
921,2014,RAM,CARGO VAN FFV,MINIVAN,3.6,6,A6,18.6,12.7,15.9,18,254,0,1,0,0
922,2014,ROLLS-ROYCE,GHOST,FULL-SIZE,6.6,12,A8,19.1,12.3,16.0,18,368,0,0,0,1
923,2014,ROLLS-ROYCE,GHOST EWB,FULL-SIZE,6.6,12,A8,19.1,12.3,16.0,18,368,0,0,0,1
924,2014,ROLLS-ROYCE,PHANTOM,FULL-SIZE,6.7,12,A8,20.7,12.8,17.1,17,393,0,0,0,1
925,2014,ROLLS-ROYCE,PHANTOM COUPE,COMPACT,6.7,12,A8,20.7,12.8,17.1,17,393,0,0,0,1
926,2014,ROLLS-ROYCE,PHANTOM DROPHEAD COUPE,COMPACT,6.7,12,A8,20.7,12.7,17.1,17,393,0,0,0,1
927,2014,ROLLS-ROYCE,PHANTOM EWB,FULL-SIZE,6.7,12,A8,20.7,12.7,17.1,17,393,0,0,0,1
928,2014,ROLLS-ROYCE,WRAITH,MID-SIZE,6.6,12,A8,18.7,11.8,15.6,18,359,0,0,0,1
929,2014,SCION,FR-S,MINICOMPACT,2.0,4,AS6,9.6,7.0,8.4,34,193,0,0,0,1
930,2014,SCION,FR-S,MINICOMPACT,2.0,4,M6,10.9,7.8,9.5,30,218,0,0,0,1
931,2014,SCION,iQ,MINICOMPACT,1.3,4,AV,6.6,5.7,6.2,46,143,0,0,1,0
932,2014,SCION,tC,COMPACT,2.5,4,AS6,10.2,7.5,9.0,31,207,0,0,1,0
933,2014,SCION,tC,COMPACT,2.5,4,M6,10.2,7.6,9.0,31,207,0,0,1,0
934,2014,SCION,xB,STATION WAGON - SMALL,2.4,4,AS4,10.9,8.6,9.9,29,228,0,0,1,0
935,2014,SCION,xB,STATION WAGON - SMALL,2.4,4,M5,10.9,8.6,9.9,29,228,0,0,1,0
936,2014,SCION,xD,SUBCOMPACT,1.8,4,A4,8.8,7.1,8.0,35,184,0,0,1,0
937,2014,SCION,xD,SUBCOMPACT,1.8,4,M5,8.6,7.1,7.9,36,182,0,0,1,0
938,2014,SMART,FORTWO CABRIOLET,TWO-SEATER,1.0,3,AM5,6.9,5.7,6.4,44,147,0,0,0,1
939,2014,SMART,FORTWO COUPE,TWO-SEATER,1.0,3,AM5,6.9,5.7,6.4,44,147,0,0,0,1
940,2014,SRT,VIPER COUPE,TWO-SEATER,8.4,10,M6,20.0,13.0,16.9,17,389,0,0,0,1
941,2014,SRT,VIPER GTS COUPE,TWO-SEATER,8.4,10,M6,20.0,13.0,16.9,17,389,0,0,0,1
942,2014,SUBARU,BRZ,MINICOMPACT,2.0,4,AS6,9.6,7.1,8.5,33,196,0,0,0,1
943,2014,SUBARU,BRZ,MINICOMPACT,2.0,4,M6,11.0,7.9,9.6,29,221,0,0,0,1
944,2014,SUBARU,FORESTER AWD,SUV - SMALL,2.0,4,AV,10.2,8.6,9.5,30,218,0,0,0,1
945,2014,SUBARU,FORESTER AWD,SUV - SMALL,2.5,4,AV,9.6,7.4,8.6,33,198,0,0,1,0
946,2014,SUBARU,FORESTER AWD,SUV - SMALL,2.5,4,M6,10.9,8.3,9.7,29,223,0,0,1,0
947,2014,SUBARU,IMPREZA AWD,COMPACT,2.0,4,AV,8.7,6.6,7.8,36,179,0,0,1,0
948,2014,SUBARU,IMPREZA AWD,COMPACT,2.0,4,M5,9.6,7.1,8.5,33,196,0,0,1,0
949,2014,SUBARU,IMPREZA AWD,COMPACT,2.5,4,M5,12.6,9.5,11.2,25,258,0,0,0,1
950,2014,SUBARU,IMPREZA AWD,COMPACT,2.5,4,M6,14.2,10.4,12.5,23,288,0,0,0,1
951,2014,SUBARU,IMPREZA WAGON AWD,STATION WAGON - SMALL,2.0,4,AV,8.7,6.6,7.8,36,179,0,0,1,0
952,2014,SUBARU,IMPREZA WAGON AWD,STATION WAGON - SMALL,2.0,4,M5,9.6,7.1,8.5,33,196,0,0,1,0
953,2014,SUBARU,IMPREZA WAGON AWD,STATION WAGON - SMALL,2.5,4,M5,12.6,9.5,11.2,25,258,0,0,0,1
954,2014,SUBARU,IMPREZA WAGON AWD,STATION WAGON - SMALL,2.5,4,M6,14.2,10.4,12.5,23,288,0,0,0,1
955,2014,SUBARU,LEGACY AWD,MID-SIZE,2.5,4,AV,9.7,7.3,8.6,33,198,0,0,1,0
956,2014,SUBARU,LEGACY AWD,MID-SIZE,2.5,4,M6,11.3,8.2,9.9,29,228,0,0,1,0
957,2014,SUBARU,LEGACY AWD,MID-SIZE,3.6,6,AS5,13.3,9.5,11.6,24,267,0,0,1,0
958,2014,SUBARU,OUTBACK AWD,SUV - SMALL,2.5,4,AV,9.9,7.8,9.0,31,207,0,0,1,0
959,2014,SUBARU,OUTBACK AWD,SUV - SMALL,2.5,4,M6,10.8,8.5,9.8,29,225,0,0,1,0
960,2014,SUBARU,OUTBACK AWD,SUV - SMALL,3.6,6,AS5,13.4,9.7,11.7,24,269,0,0,1,0
961,2014,SUBARU,TRIBECA AWD,SUV - SMALL,3.6,6,AS5,14.7,11.1,13.1,22,301,0,0,1,0
962,2014,SUBARU,XV CROSSTREK AWD,SUV - SMALL,2.0,4,AV,9.5,7.2,8.5,33,196,0,0,1,0
963,2014,SUBARU,XV CROSSTREK AWD,SUV - SMALL,2.0,4,M5,10.2,8.0,9.2,31,212,0,0,1,0
964,2014,SUBARU,XV CROSSTREK HYBRID AWD,SUV - SMALL,2.0,4,AV,8.1,7.2,7.7,37,177,0,0,1,0
965,2014,TOYOTA,4RUNNER (Part-Time 4WD),SUV - STANDARD,4.0,6,AS5,14.3,11.1,12.9,22,297,0,0,1,0
966,2014,TOYOTA,4RUNNER 4WD,SUV - STANDARD,4.0,6,AS5,14.3,11.1,12.9,22,297,0,0,1,0
967,2014,TOYOTA,AVALON,MID-SIZE,3.5,6,AS6,11.3,7.6,9.6,29,221,0,0,1,0
968,2014,TOYOTA,CAMRY,MID-SIZE,2.5,4,AS6,9.5,6.6,8.2,34,189,0,0,1,0
969,2014,TOYOTA,CAMRY,MID-SIZE,3.5,6,AS6,11.1,7.8,9.6,29,221,0,0,1,0
970,2014,TOYOTA,CAMRY HYBRID LE,MID-SIZE,2.5,4,AV,5.5,5.9,5.7,50,131,0,0,1,0
971,2014,TOYOTA,CAMRY HYBRID XLE/SE,MID-SIZE,2.5,4,AV,5.8,6.2,6.0,47,138,0,0,1,0
972,2014,TOYOTA,COROLLA,MID-SIZE,1.8,4,A4,8.6,6.5,7.7,37,177,0,0,1,0
973,2014,TOYOTA,COROLLA,MID-SIZE,1.8,4,AV7,8.1,6.3,7.3,39,168,0,0,1,0
974,2014,TOYOTA,COROLLA,MID-SIZE,1.8,4,AV,8.0,5.9,7.1,40,163,0,0,1,0
975,2014,TOYOTA,COROLLA,MID-SIZE,1.8,4,M6,8.3,6.3,7.4,38,170,0,0,1,0
976,2014,TOYOTA,COROLLA LE ECO (1-mode),MID-SIZE,1.8,4,AV,7.7,5.6,6.8,42,156,0,0,1,0
977,2014,TOYOTA,COROLLA LE ECO (2-mode),MID-SIZE,1.8,4,AV,7.8,5.9,6.9,41,159,0,0,1,0
978,2014,TOYOTA,COROLLA MATRIX,STATION WAGON - SMALL,1.8,4,A4,9.4,7.5,8.5,33,196,0,0,1,0
979,2014,TOYOTA,COROLLA MATRIX,STATION WAGON - SMALL,1.8,4,M5,8.9,7.3,8.2,34,189,0,0,1,0
980,2014,TOYOTA,FJ CRUISER 4WD,SUV - SMALL,4.0,6,A5,14.3,11.2,12.9,22,297,0,0,1,0
981,2014,TOYOTA,FJ CRUISER 4WD,SUV - SMALL,4.0,6,M6,15.4,12.1,13.9,20,320,0,0,1,0
982,2014,TOYOTA,HIGHLANDER,SUV - SMALL,2.7,4,AS6,11.7,8.6,10.3,27,237,0,0,1,0
983,2014,TOYOTA,HIGHLANDER,SUV - SMALL,3.5,6,AS6,12.6,9.4,11.2,25,258,0,0,1,0
984,2014,TOYOTA,HIGHLANDER AWD,SUV - STANDARD,3.5,6,AS6,13.0,9.7,11.5,25,264,0,0,1,0
985,2014,TOYOTA,HIGHLANDER HYBRID AWD,SUV - STANDARD,3.5,6,AV6,8.0,8.6,8.3,34,191,0,0,1,0
986,2014,TOYOTA,HIGHLANDER HYBRID AWD LE,SUV - STANDARD,3.5,6,AV6,7.9,8.6,8.2,34,189,0,0,1,0
987,2014,TOYOTA,PRIUS,MID-SIZE,1.8,4,AV,4.7,4.9,4.8,59,110,0,0,1,0
988,2014,TOYOTA,PRIUS c,COMPACT,1.5,4,AV,4.6,4.9,4.7,60,108,0,0,1,0
989,2014,TOYOTA,PRIUS v,STATION WAGON - MID-SIZE,1.8,4,AV,5.3,5.8,5.5,51,126,0,0,1,0
990,2014,TOYOTA,RAV4,SUV - SMALL,2.5,4,AS6,10.0,7.6,8.9,32,205,0,0,1,0
991,2014,TOYOTA,RAV4 AWD,SUV - SMALL,2.5,4,AS6,10.4,8.1,9.4,30,216,0,0,1,0
992,2014,TOYOTA,RAV4 LIMITED AWD,SUV - SMALL,2.5,4,AS6,10.6,8.2,9.5,30,218,0,0,1,0
993,2014,TOYOTA,SEQUOIA 4WD,SUV - STANDARD,5.7,8,AS6,19.0,13.9,16.7,17,384,0,0,1,0
994,2014,TOYOTA,SIENNA,MINIVAN,3.5,6,AS6,12.9,9.4,11.3,25,260,0,0,1,0
995,2014,TOYOTA,SIENNA AWD,MINIVAN,3.5,6,AS6,14.2,10.3,12.4,23,285,0,0,1,0
996,2014,TOYOTA,TACOMA,PICKUP TRUCK - SMALL,2.7,4,A4,12.2,9.3,10.9,26,251,0,0,1,0
997,2014,TOYOTA,TACOMA,PICKUP TRUCK - SMALL,2.7,4,M5,11.3,8.9,10.2,28,235,0,0,1,0
998,2014,TOYOTA,TACOMA,PICKUP TRUCK - SMALL,4.0,6,M6,14.5,11.3,13.1,22,301,0,0,1,0
999,2014,TOYOTA,TACOMA 4WD,PICKUP TRUCK - SMALL,2.7,4,A4,13.1,10.5,11.9,24,274,0,0,1,0
1000,2014,TOYOTA,TACOMA 4WD,PICKUP TRUCK - SMALL,2.7,4,M5,12.8,10.6,11.8,24,271,0,0,1,0
1001,2014,TOYOTA,TACOMA 4WD,PICKUP TRUCK - SMALL,4.0,6,A5,14.7,11.5,13.3,21,306,0,0,1,0
1002,2014,TOYOTA,TACOMA 4WD,PICKUP TRUCK - SMALL,4.0,6,M6,15.3,12.3,14.0,20,322,0,0,1,0
1003,2014,TOYOTA,TUNDRA,PICKUP TRUCK - STANDARD,4.0,6,AS5,14.8,11.8,13.5,21,310,0,0,1,0
1004,2014,TOYOTA,TUNDRA,PICKUP TRUCK - STANDARD,4.6,8,AS6,15.9,12.3,14.3,20,329,0,0,1,0
1005,2014,TOYOTA,TUNDRA,PICKUP TRUCK - STANDARD,5.7,8,AS6,17.6,12.9,15.5,18,356,0,0,1,0
1006,2014,TOYOTA,TUNDRA 4WD,PICKUP TRUCK - STANDARD,4.6,8,AS6,16.9,12.8,15.1,19,347,0,0,1,0
1007,2014,TOYOTA,TUNDRA 4WD,PICKUP TRUCK - STANDARD,5.7,8,AS6,18.1,13.9,16.2,17,373,0,0,1,0
1008,2014,TOYOTA,VENZA,SUV - SMALL,2.7,4,AS6,11.4,8.2,10.0,28,230,0,0,1,0
1009,2014,TOYOTA,VENZA,SUV - SMALL,3.5,6,AS6,12.6,9.1,11.0,26,253,0,0,1,0
1010,2014,TOYOTA,VENZA 4WD,SUV - SMALL,2.7,4,AS6,11.6,8.5,10.2,28,235,0,0,1,0
1011,2014,TOYOTA,VENZA 4WD,SUV - SMALL,3.5,6,AS6,12.9,9.4,11.3,25,260,0,0,1,0
1012,2014,TOYOTA,YARIS,COMPACT,1.5,4,A4,7.9,6.6,7.3,39,168,0,0,1,0
1013,2014,TOYOTA,YARIS,COMPACT,1.5,4,M5,7.8,6.3,7.1,40,163,0,0,1,0
1014,2014,VOLKSWAGEN,BEETLE,COMPACT,1.8,4,A6,9.5,7.2,8.5,33,196,0,0,1,0
1015,2014,VOLKSWAGEN,BEETLE,COMPACT,1.8,4,M5,9.9,7.2,8.7,32,200,0,0,1,0
1016,2014,VOLKSWAGEN,BEETLE,COMPACT,2.0,4,A6,10.3,7.7,9.1,31,209,0,0,0,1
1017,2014,VOLKSWAGEN,BEETLE,COMPACT,2.0,4,M6,10.8,7.6,9.4,30,216,0,0,0,1
1018,2014,VOLKSWAGEN,BEETLE,COMPACT,2.5,5,A6,10.9,8.4,9.8,29,225,0,0,1,0
1019,2014,VOLKSWAGEN,BEETLE,COMPACT,2.5,5,M5,11.2,7.7,9.6,29,221,0,0,1,0
1020,2014,VOLKSWAGEN,BEETLE CONVERTIBLE,SUBCOMPACT,1.8,4,A6,9.8,7.3,8.7,32,200,0,0,1,0
1021,2014,VOLKSWAGEN,BEETLE CONVERTIBLE,SUBCOMPACT,2.0,4,A6,10.3,8.1,9.3,30,214,0,0,0,1
1022,2014,VOLKSWAGEN,BEETLE CONVERTIBLE,SUBCOMPACT,2.0,4,M6,10.8,7.6,9.4,30,216,0,0,0,1
1023,2014,VOLKSWAGEN,BEETLE CONVERTIBLE,SUBCOMPACT,2.5,5,A6,11.2,8.7,10.1,28,232,0,0,1,0
1024,2014,VOLKSWAGEN,BEETLE TDI CLEAN DIESEL,COMPACT,2.0,4,A6,8.2,6.1,7.3,39,197,1,0,0,0
1025,2014,VOLKSWAGEN,BEETLE TDI CLEAN DIESEL,COMPACT,2.0,4,M6,8.5,5.8,7.3,39,197,1,0,0,0
1026,2014,VOLKSWAGEN,CC,COMPACT,2.0,4,A6,11.1,7.9,9.7,29,223,0,0,0,1
1027,2014,VOLKSWAGEN,CC,COMPACT,2.0,4,M6,11.6,7.7,9.8,29,225,0,0,0,1
1028,2014,VOLKSWAGEN,CC 4MOTION,COMPACT,3.6,6,A6,14.3,9.8,12.3,23,283,0,0,0,1
1029,2014,VOLKSWAGEN,EOS,SUBCOMPACT,2.0,4,A6,10.9,8.0,9.6,29,221,0,0,0,1
1030,2014,VOLKSWAGEN,GOLF WAGON,STATION WAGON - SMALL,2.5,5,A6,11.0,7.7,9.5,30,218,0,0,1,0
1031,2014,VOLKSWAGEN,GOLF WAGON,STATION WAGON - SMALL,2.5,5,M5,11.2,7.3,9.4,30,216,0,0,1,0
1032,2014,VOLKSWAGEN,GOLF WAGON TDI CLEAN DIESEL,STATION WAGON - SMALL,2.0,4,A6,8.2,6.0,7.2,39,194,1,0,0,0
1033,2014,VOLKSWAGEN,GOLF WAGON TDI CLEAN DIESEL,STATION WAGON - SMALL,2.0,4,M6,7.9,5.6,6.9,41,186,1,0,0,0
1034,2014,VOLKSWAGEN,JETTA,COMPACT,1.8,4,A6,9.5,6.7,8.2,34,189,0,0,1,0
1035,2014,VOLKSWAGEN,JETTA,COMPACT,1.8,4,M5,9.4,6.7,8.2,34,189,0,0,1,0
1036,2014,VOLKSWAGEN,JETTA,COMPACT,2.0,4,A6,10.6,8.0,9.4,30,216,0,0,1,0
1037,2014,VOLKSWAGEN,JETTA,COMPACT,2.0,4,M5,10.4,7.2,9.0,31,207,0,0,1,0
1038,2014,VOLKSWAGEN,JETTA GLI,COMPACT,2.0,4,A6,10.2,7.5,9.0,31,207,0,0,0,1
1039,2014,VOLKSWAGEN,JETTA GLI,COMPACT,2.0,4,M6,10.6,7.4,9.2,31,212,0,0,0,1
1040,2014,VOLKSWAGEN,JETTA TDI CLEAN DIESEL,COMPACT,2.0,4,A6,7.9,5.7,6.9,41,186,1,0,0,0
1041,2014,VOLKSWAGEN,JETTA TDI CLEAN DIESEL,COMPACT,2.0,4,M6,7.9,5.6,6.9,41,186,1,0,0,0
1042,2014,VOLKSWAGEN,JETTA TURBO HYBRID,COMPACT,1.4,4,AM7,5.6,5.2,5.4,52,124,0,0,0,1
1043,2014,VOLKSWAGEN,PASSAT,MID-SIZE,1.8,4,A6,9.9,6.9,8.6,33,198,0,0,1,0
1044,2014,VOLKSWAGEN,PASSAT,MID-SIZE,1.8,4,M5,10.0,6.9,8.6,33,198,0,0,1,0
1045,2014,VOLKSWAGEN,PASSAT,MID-SIZE,2.5,5,A6,11.0,8.0,9.7,29,223,0,0,1,0
1046,2014,VOLKSWAGEN,PASSAT,MID-SIZE,2.5,5,M5,11.4,7.8,9.8,29,225,0,0,1,0
1047,2014,VOLKSWAGEN,PASSAT,MID-SIZE,3.6,6,A6,12.4,8.8,10.8,26,248,0,0,0,1
1048,2014,VOLKSWAGEN,PASSAT TDI CLEAN DIESEL,MID-SIZE,2.0,4,A6,8.1,5.9,7.1,40,192,1,0,0,0
1049,2014,VOLKSWAGEN,PASSAT TDI CLEAN DIESEL,MID-SIZE,2.0,4,M6,8.0,5.4,6.8,42,184,1,0,0,0
1050,2014,VOLKSWAGEN,ROUTAN,MINIVAN,3.6,6,A6,14.2,9.5,12.1,23,278,0,0,1,0
1051,2014,VOLKSWAGEN,TIGUAN,SUV - SMALL,2.0,4,A6,11.7,9.5,10.7,26,246,0,0,0,1
1052,2014,VOLKSWAGEN,TIGUAN,SUV - SMALL,2.0,4,M6,13.6,9.2,11.6,24,267,0,0,0,1
1053,2014,VOLKSWAGEN,TIGUAN 4MOTION,SUV - SMALL,2.0,4,A6,11.7,9.4,10.7,26,246,0,0,0,1
1054,2014,VOLKSWAGEN,TOUAREG,SUV - STANDARD,3.6,6,AS8,13.8,10.3,12.2,23,281,0,0,0,1
1055,2014,VOLKSWAGEN,TOUAREG TDI CLEAN DIESEL,SUV - STANDARD,3.0,6,AS8,12.3,8.0,10.4,27,281,1,0,0,0
1056,2014,VOLVO,S60,COMPACT,2.5,5,AS6,11.3,7.8,9.7,29,223,0,0,1,0
1057,2014,VOLVO,S60 AWD,COMPACT,2.5,5,AS6,11.6,8.3,10.1,28,232,0,0,1,0
1058,2014,VOLVO,S60 AWD,COMPACT,3.0,6,AS6,13.2,9.5,11.5,25,264,0,0,1,0
1059,2014,VOLVO,S80,MID-SIZE,3.2,6,AS6,11.9,8.1,10.2,28,235,0,0,1,0
1060,2014,VOLVO,S80 AWD,MID-SIZE,3.0,6,AS6,13.2,9.5,11.5,25,264,0,0,1,0
1061,2014,VOLVO,XC60,SUV - SMALL,3.2,6,AS6,13.0,8.9,11.2,25,258,0,0,1,0
1062,2014,VOLVO,XC60 AWD,SUV - SMALL,3.0,6,AS6,13.4,9.8,11.8,24,271,0,0,1,0
1063,2014,VOLVO,XC60 AWD,SUV - SMALL,3.2,6,AS6,13.2,9.5,11.5,25,264,0,0,1,0
1064,2014,VOLVO,XC70 AWD,SUV - SMALL,3.0,6,AS6,13.4,9.8,11.8,24,271,0,0,1,0
1065,2014,VOLVO,XC70 AWD,SUV - SMALL,3.2,6,AS6,12.9,9.3,11.3,25,260,0,0,1,0
1066,2014,VOLVO,XC90 AWD,SUV - STANDARD,3.2,6,AS6,14.9,10.2,12.8,22,294,0,0,1,0
